distance_km,traffic_level,weather,order_hour,delivery_time
6.243561663863074,low,clear,0,28.789556306725437
14.310000289738827,low,rainy,0,56.613572175038534
11.247915185359671,high,clear,18,59.80254124622989
9.381218778758512,low,clear,4,40.20968782521394
3.1842609661941115,low,clear,12,22.492352306554746
3.183923284706837,medium,clear,18,29.135203454602475
1.8131705703547925,medium,clear,11,21.024681473927636
13.126466040849092,medium,clear,15,52.53396874973194
9.415610164404923,low,clear,18,45.43969961696692
10.913016089144637,medium,clear,2,49.12698329784266
1.2881829201412343,low,clear,11,17.883640579474285
14.57873793026792,low,clear,4,55.299135582519305
12.654196971205904,high,clear,1,58.040811642485636
3.972747549495866,low,clear,21,27.97898077030598
3.5455495408994087,medium,clear,6,27.612691969729937
3.5676631379480734,medium,clear,12,32.78194704209491
5.259391401433528,low,rainy,14,35.22448990851911
8.346590042851329,high,rainy,21,56.247094723843034
7.047230260989621,low,clear,2,28.86241654475084
5.077207962772587,medium,clear,20,38.44108787659549
9.565940526113312,high,clear,19,56.94357922602402
2.9529140491285855,medium,clear,4,22.216304898968332
5.090025079493055,high,clear,23,37.52445311599341
6.129065806111684,low,rainy,7,34.139822791533
7.384979779038503,medium,clear,21,40.20977639918414
11.99246345950219,low,rainy,0,52.04975826641978
3.7954329502170365,medium,clear,7,26.767689426091987
8.199282137790561,high,clear,23,50.460352602675485
9.293803964068594,low,clear,17,36.57003684067324
1.6503057780799681,medium,clear,19,21.532118685849227
9.505627926620138,low,clear,15,36.41897630914846
3.3873377316220816,medium,clear,17,23.3767183480018
1.9107223017939132,medium,clear,19,24.878312553315947
14.284397521546666,high,rainy,11,68.7601851063857
14.518848463043831,medium,clear,12,65.20078940076937
12.317562873630456,low,rainy,12,55.72062309487241
5.26459276842719,low,rainy,9,31.83381424188003
2.367409596089374,low,clear,6,21.10261315531247
10.579262371170197,low,clear,13,47.84492365703784
7.162134912354418,low,clear,23,32.38791876048797
2.7085352878269036,high,rainy,15,39.840238264971035
7.932476741557783,medium,clear,14,46.288729353147296
1.4814392956130575,medium,clear,11,20.57456662154438
13.73048562910295,low,clear,8,50.57000318741991
4.622919742400237,high,clear,7,35.823381477621126
10.275311980955747,medium,clear,17,45.68332820753483
5.363955065251753,low,clear,22,25.289014100611045
8.280952296489351,medium,clear,17,40.2669299132339
8.653943910805914,medium,rainy,12,52.66332712651305
3.5879623773573783,low,clear,17,18.274630197755684
14.57418478870382,medium,rainy,14,72.98663936603606
11.851859527055604,medium,clear,3,51.37517360731338
14.152985181898648,low,rainy,16,57.93338962179471
13.527582905987083,high,clear,4,63.02510067542017
9.370599703355191,high,clear,21,56.97253689238278
13.906239290323636,medium,clear,15,53.78534504579912
2.2388950287268727,medium,rainy,8,27.506563633220125
3.7437600738680326,medium,clear,9,23.859568671879433
1.633182044747533,medium,rainy,23,31.21355377619384
5.554624630685701,medium,rainy,17,37.940245987594324
6.441482055652748,low,clear,16,26.96895487175923
4.798886444834543,medium,clear,17,36.59559289589841
12.60232512812701,high,clear,6,58.734938226820255
5.99454657371025,medium,clear,3,32.56547988497834
4.933083135623331,low,rainy,4,30.52565292689927
8.597745164215478,medium,clear,22,39.09732937950836
2.972939149646677,low,clear,15,19.413521483932318
12.230757730556554,low,rainy,2,48.27079285894961
2.0437090115167917,low,clear,17,18.302923800304956
14.816417112407242,low,rainy,22,58.19364159574728
11.811426770153204,medium,clear,20,54.60363726583899
3.7820195414784137,medium,clear,13,32.849097971807566
1.0773096397304336,low,clear,14,17.82300688257907
12.416459998367678,high,clear,16,58.92228450090778
10.89600281386664,high,clear,0,52.663853556140374
11.206100352573822,high,clear,20,64.80959749266236
11.79778485360324,low,clear,16,46.4563193252229
2.036625124277265,medium,clear,22,18.94430547629346
6.018520199619816,high,clear,10,40.41192549097515
2.622166833351816,medium,clear,16,20.55956451075283
13.08344796225831,low,clear,13,57.695172474753825
9.72617377558581,low,clear,19,44.57779724817453
5.632572347937089,medium,clear,18,34.946623987997135
1.8898169040043309,high,clear,20,34.06463218326082
5.353752504019271,medium,clear,6,30.505106167961188
5.552566508374459,medium,clear,23,29.081242214078415
11.214486496732897,low,clear,12,49.40555215799911
9.925804598972984,medium,clear,17,45.48309746519474
13.420978396068572,high,rainy,22,70.53840245334051
7.61100895226729,low,clear,13,37.962033970637464
2.674319443136224,medium,clear,0,23.237078903325777
10.98542702112193,high,clear,6,55.27654713645616
11.650990680636564,low,clear,7,48.14353803092375
8.857880765972947,medium,rainy,17,46.9534952513707
11.793540519363853,low,clear,8,46.319531495703025
7.91313834910147,medium,clear,0,39.97290595133563
8.318259611347916,medium,clear,21,45.65433187250527
6.985574257019695,medium,clear,16,35.26091355893994
1.3558677744173326,medium,clear,18,24.308811337867006
2.5104799779062623,low,clear,5,17.344124410853084
1.4400085996142795,high,clear,2,30.238446519066446
9.909745757692926,medium,clear,23,43.813709702216165
5.400983735068573,low,clear,4,24.377794152701266
8.119989676305838,medium,clear,1,39.347565646051365
13.705930634965302,medium,clear,19,60.964395510038564
4.490091208084249,low,clear,3,23.863960664590007
6.745360922498817,high,rainy,9,47.32118956309378
11.577715939602681,high,clear,9,56.9538947786738
4.2031743168827145,low,rainy,23,28.868737028590566
2.077718737603102,high,clear,20,35.045135591529316
5.056520340792752,low,clear,10,25.355573789796562
3.257098021556062,low,clear,15,19.976244125931363
14.015767132796023,low,clear,16,53.0799941578051
12.313685313901837,high,clear,15,60.676366068068546
9.867652591145928,medium,clear,6,42.63560619818463
13.200448262628047,low,clear,15,47.096703668150504
12.251409076587603,medium,rainy,2,61.14518648853043
3.611980824404502,medium,clear,15,27.24409334906982
13.495825978859688,low,clear,7,50.04870466392026
8.55079138681911,high,clear,11,47.69177803372359
12.304162172296875,high,clear,2,58.12736313023097
13.545278198928905,medium,clear,16,56.05839604566982
5.452048649606095,high,clear,20,41.412471570008904
2.5407269433874746,medium,rainy,17,30.302514800342276
4.191092275587184,high,clear,10,34.92418362401855
6.979509040767589,medium,clear,3,36.361781314369466
12.452206722914903,medium,clear,15,50.56873540338767
13.050228165588809,low,rainy,16,56.1992186903117
1.0973298274366698,high,clear,8,23.550046196017927
8.15046223608592,medium,clear,5,38.067084988440186
6.843754044082906,low,clear,23,30.70650597913222
4.109509346590223,low,clear,19,32.343191839001975
2.678115142671559,medium,clear,1,23.377277694724295
5.726612399650792,medium,clear,8,27.04223543961724
14.200735854775267,medium,clear,20,61.317204797604305
5.524841048290574,high,clear,5,39.94198136931287
8.263068704407125,low,clear,2,32.53228422325313
10.84226542453249,medium,clear,19,54.18900115588879
6.090814433310116,low,clear,5,28.590084449460406
14.604949158093449,high,clear,6,67.7975018594619
14.474262129189558,high,clear,0,64.30507816906669
4.524952141555098,medium,clear,22,27.301288594799864
7.961479082493396,medium,clear,0,40.01440756404921
5.2122963374347755,low,rainy,4,31.62183226236001
4.987766921284546,medium,rainy,5,35.82725514028109
1.5164172629634591,high,clear,12,34.6871915267885
9.533900675718556,medium,clear,1,44.80998388127924
8.03750632520406,low,clear,14,35.13267304222072
1.720702517499851,medium,clear,14,26.76024379753233
4.90105049931256,high,clear,12,43.10108909876793
13.715722403533151,low,clear,13,58.51698978504632
4.353866469337614,low,clear,21,26.182202568865826
3.0285282092771233,medium,clear,6,24.735196278251614
7.852338643885882,high,clear,13,50.78027597414401
14.79910635754841,low,clear,23,52.482055377685725
4.388773801161006,low,clear,9,25.05985453929618
10.4098976636823,low,clear,16,40.74660099242813
11.662674614602047,low,rainy,13,58.29348862631081
4.326925615893595,medium,rainy,7,32.495059277545835
11.195028880566035,medium,clear,3,45.66391570009932
6.148963858069545,medium,clear,15,32.96175921014635
9.852281628310113,medium,clear,23,45.02067125005524
9.869415950652526,low,clear,12,43.53985599751975
8.500845577046618,high,clear,21,46.3736229936234
2.2640567807617162,medium,clear,19,27.559468632122687
12.694234938249332,high,clear,17,60.84066619579205
5.490920909604302,medium,clear,13,37.84709728589484
3.611259145597959,low,clear,17,20.07279256569232
1.5708519817666948,medium,clear,4,18.84245248053627
9.272501204635386,low,clear,8,40.69814715950913
10.485901065791953,medium,clear,2,43.30689382573243
1.2322296049899861,low,rainy,7,19.20245322763468
8.169302816189933,low,clear,19,39.79251214083341
4.170940852771132,high,clear,21,40.72486621834188
10.032419065732299,low,rainy,9,46.43679156200553
3.44113000606988,high,rainy,21,41.479404741286515
10.673128333434523,low,clear,18,49.35461289634528
6.414294848207524,medium,rainy,20,45.24669936917638
14.114219842314283,medium,clear,2,54.00665411396012
2.9252932180439055,medium,clear,10,24.194232955678505
5.774928914703619,low,clear,10,28.275340486553784
2.588629297368247,low,clear,16,21.687375798900973
13.945710655899878,low,clear,15,52.65463466544022
13.282750947333735,low,clear,6,46.88420169797096
4.6111827880121785,medium,clear,3,25.93974578241982
10.239776644478507,high,clear,22,55.236748849832054
12.441110802817022,high,clear,18,62.71772638175279
8.772811362392472,medium,clear,11,38.2192719588871
8.415108096984092,medium,clear,14,47.24634602646914
4.385932072606323,medium,clear,10,27.206324593389628
2.3034387492825887,low,clear,4,18.804344176166982
13.561020611346574,high,rainy,4,66.8536228233809
13.605852800286627,medium,clear,14,63.76518306819164
9.863420401825751,medium,clear,17,46.334388619343805
5.746417074681809,low,clear,10,25.793880490842735
5.888934044577253,medium,clear,11,29.346021199942474
11.163379504183352,medium,clear,1,53.10046623005834
13.559543639336079,high,clear,19,67.25821551402194
13.419209939711642,medium,clear,14,58.73216652498349
11.918257642006735,low,clear,19,53.5273894636792
9.988443046160029,high,rainy,3,59.85684884530497
2.177959509930684,low,clear,21,23.899471616417213
3.2628019973245928,medium,clear,17,24.591389436938318
13.57975863937911,low,rainy,5,60.50138529878458
9.49000683523426,medium,clear,22,40.84878414460005
1.128758722632815,high,clear,18,29.282177124783402
2.4206016001244492,low,clear,10,18.041562311803116
10.289024767512782,high,clear,23,55.203296991012564
1.0708621738470616,low,clear,1,14.534904562590844
3.2513127198449814,high,clear,7,31.58820668784136
8.682273051132206,medium,clear,10,40.09652341891766
10.686532767697706,high,clear,4,56.406620019811825
10.127457633036407,low,clear,17,41.91116492566328
4.139770332447837,high,clear,22,32.67026341196138
10.970509098865502,medium,clear,17,46.10298850047045
4.3214872249552005,low,rainy,13,32.873485365986575
5.555595774229748,high,clear,21,42.31926359145049
11.450879671652338,low,clear,9,46.41232084004995
10.094860586661005,high,clear,2,53.15604640441905
12.889127746918492,low,clear,8,49.78295772156167
10.206580492204807,medium,clear,2,46.00308075020797
8.956320446696603,medium,clear,10,42.34650277076452
2.3114467495932947,low,rainy,11,19.77070541809926
6.148021242832069,low,rainy,11,36.03243104386574
4.712833147544156,low,clear,2,23.011536481449582
4.4158550073071705,medium,clear,20,33.18125435582152
14.622147766534239,low,clear,6,52.92009745533205
6.503368145334646,medium,clear,13,39.80184756630729
13.488651772479585,low,clear,23,51.612143171926746
9.83594076396168,low,clear,10,37.490112226838384
12.127358249583079,medium,clear,6,51.88757319723724
8.03691930347269,low,clear,20,38.21275275291036
9.076654384769027,high,clear,9,51.872880706059085
7.895247713464094,high,rainy,10,49.45649233443303
3.7334018291726228,medium,clear,14,29.19517294838976
11.114329613661074,medium,clear,18,52.6238484049096
4.930813074171981,high,clear,15,34.94115179248827
1.3404235300403538,low,clear,21,18.57250856414724
10.03661214270035,low,clear,20,44.05406541586962
3.479549511698685,low,clear,19,25.615473290499683
14.1664201809408,medium,clear,11,59.51540459847071
14.355000078036223,low,clear,17,53.207559445477216
13.80810146308628,medium,clear,22,56.74901351089179
6.182221803576222,high,clear,12,43.432020205104465
1.216392631404144,high,clear,4,25.381058786582173
13.996459876228155,medium,rainy,3,62.14587068546567
6.994578076442401,low,clear,13,37.34701615660817
14.533167466611374,high,clear,7,64.07036843342873
14.49067967924954,medium,clear,8,56.75072785272616
12.942132376543041,low,rainy,18,60.46125552392382
5.122284488974199,low,clear,2,29.32705957566848
6.391368200426953,high,clear,4,40.822207353331535
12.915913401235997,medium,clear,20,59.08415701616899
5.4369080721878875,high,clear,17,40.20676791327323
3.372898453605295,high,clear,0,33.138503158046426
8.795217674416902,medium,clear,7,42.4186119840151
14.106166838250934,medium,rainy,18,68.1281156109168
10.744417153449621,medium,clear,16,47.08178109479235
8.98085638125111,low,clear,16,35.43227206830027
2.3604709127907597,medium,clear,10,23.054159246975043
9.610101173788376,medium,clear,1,44.75741238136241
14.860753901459686,medium,rainy,5,67.01659075976666
2.9611762133113366,high,clear,21,34.90731969882732
8.256615133092314,medium,clear,13,46.430114198034154
13.283223006991376,medium,clear,2,57.11633859727
11.370760648558862,medium,clear,11,46.684365709124066
10.758220373933751,medium,clear,3,46.68091596308644
10.83477717581953,medium,clear,11,49.85437869138027
6.032876117076572,low,rainy,12,37.79951695152395
5.1102858197029075,medium,rainy,1,37.3883825134754
12.33105617669919,low,clear,1,47.01032053410243
12.34158752550853,low,rainy,14,58.68652121937261
13.139012460121451,medium,clear,22,54.49514998574878
13.785367735790597,medium,clear,16,57.848445176500334
8.158793584053129,high,clear,6,44.43334648043163
8.021228125620794,medium,clear,13,42.23703788861781
12.176132505534852,medium,clear,11,54.45742461713827
10.099495030888711,medium,clear,16,49.499211652636774
10.827536281607847,medium,clear,13,52.471769967570815
12.141097372105415,low,clear,5,49.85382420061967
13.460074785445928,low,clear,18,53.83667506231074
5.731932195921502,low,clear,23,26.13262482079259
6.258161336959216,medium,clear,5,36.68945903436839
2.315747157772166,low,clear,17,18.555454530563217
9.095921973946435,low,clear,23,40.500620117703825
1.5031918331543892,low,clear,4,15.446687037581178
7.518372253854443,high,rainy,23,48.530024608534774
8.597024885906073,low,clear,23,36.23822937272357
5.011577529795982,medium,clear,5,32.438737666323966
9.27166564796615,low,rainy,1,43.5495265386061
1.427003499146692,medium,clear,7,18.708143460428637
1.5228746424890018,low,clear,14,20.53633073339525
12.516407849235215,low,clear,14,51.43021101661525
6.04266897975768,medium,rainy,10,39.71900790550004
2.778847177126387,low,clear,21,23.463544460722076
8.311405640767262,low,clear,21,38.95338800080494
11.779909743380552,low,clear,23,47.30120369387649
4.021494384955805,low,clear,0,23.35645903276896
9.720466661466004,low,clear,17,38.45405881582476
2.194864509912752,low,clear,11,16.55467099985811
1.7235440963605078,high,clear,11,26.62808108938585
8.438964841954071,medium,rainy,10,45.0395992473763
8.568891702541492,medium,clear,7,37.310135762810404
9.924018620974891,low,clear,6,38.80440037421253
11.165278672117262,high,rainy,22,60.24778101972054
14.661929112475484,low,clear,20,59.215568753097166
8.228204876216735,low,clear,1,35.566012231706694
5.521390621177444,medium,clear,10,29.95980252392656
12.132606726761852,low,rainy,21,58.144814903739565
4.791651517669039,low,clear,9,22.462462987273767
7.1455998898789055,medium,clear,2,36.1862146383598
2.0983893387917236,high,rainy,19,38.09032981505351
1.3549104078164051,medium,clear,9,20.557078499607304
14.47707780549095,medium,rainy,17,64.66477961646204
12.703721687170882,high,rainy,13,70.89082920984909
10.743638885311771,low,clear,17,40.980417135705544
6.725341221799779,low,clear,23,29.518341048646256
3.426120480991841,low,clear,7,23.936483067627627
3.1901185973952044,medium,clear,9,23.56818755074052
4.503400574304335,medium,clear,21,34.46901555810597
8.689173305885687,high,clear,12,52.842227283881684
11.004342917800873,medium,rainy,20,59.914679382550695
10.242763274048238,medium,clear,7,47.40224156753119
4.919074557243199,low,clear,3,24.049266685087446
14.368113929284718,high,rainy,3,72.5238886407444
11.33055683374076,high,rainy,4,67.50494945523396
8.76095673515961,high,clear,0,49.41795019386224
9.56409044728093,low,rainy,16,47.919434271042384
6.8744008739890585,medium,clear,1,36.5852946221804
4.468233853016205,low,rainy,7,27.5407783146536
5.983617501117662,low,clear,6,28.50224049785895
11.609845546501168,low,clear,14,49.16876904708364
1.2015088408165822,medium,clear,4,17.4126451278146
2.625016967096827,medium,clear,1,22.72988048048591
1.6440369883045385,low,clear,6,14.62261080745611
1.570203232465582,low,clear,7,12.590759885811023
12.9764481761541,medium,clear,6,59.34626769790189
10.851210031320331,low,rainy,6,50.169371922905384
7.638433607222552,low,clear,13,38.40408131335189
2.3696782491140205,medium,clear,20,27.28879496984401
7.882622251635653,medium,clear,17,41.05256399415075
7.62860479092792,low,clear,5,37.03695509740274
3.4248261787402123,low,rainy,3,27.644649280245787
7.073923089331623,low,rainy,9,37.46415467756351
6.579066281563228,high,clear,17,44.68248698864492
9.621901372731031,medium,clear,11,44.150422604064815
9.891311112147013,medium,clear,15,45.54456295569124
1.6342561368086232,low,clear,6,16.904790250489544
6.244576604770597,medium,rainy,5,38.960771538563264
9.76203881999931,low,clear,4,35.13444766518613
8.043907620121228,medium,clear,2,38.26156240970364
12.990857776636512,high,clear,11,62.51857518866831
10.22171084266523,medium,clear,14,52.07023432343205
3.2810819791400156,high,rainy,9,40.528586156245254
1.9879624636060178,medium,clear,19,25.170225323079027
9.99386989488842,low,clear,18,48.14346017055878
1.3711583475827054,high,clear,15,26.48361070365204
9.200858137828487,low,clear,10,38.81140073861282
14.163223379949406,medium,clear,7,59.296895656436824
9.056638490262305,low,clear,2,34.406584216999526
6.434378966891307,low,clear,22,27.293342515420072
10.006035058192944,medium,clear,6,42.94192414044434
7.415540466881232,low,clear,22,34.39105577034134
8.638635050423089,medium,clear,6,40.30499192779081
14.180507322871353,medium,clear,13,66.59668591526349
6.40543692921084,low,clear,1,29.223062737417038
14.4566678935348,low,clear,9,50.427255984441395
13.674908987384892,medium,clear,18,59.679891940744305
3.74107588705015,low,clear,8,21.457980387589103
1.9710582122523164,medium,clear,15,21.943554365143907
2.410892019283973,medium,clear,18,25.26300060168717
1.2551055591216962,high,clear,17,26.90227822097763
2.3222014505829973,medium,clear,8,23.637689865840905
10.562094827828997,medium,clear,15,45.40438928437632
1.9966410784432058,medium,clear,12,29.928237659447912
5.4656588241126585,low,clear,9,25.331658425636864
12.828254353572364,low,clear,19,51.485006912286
1.3258071003015621,medium,rainy,13,26.918976271451605
12.402558756245101,medium,clear,11,54.64895766611963
4.945966846827599,medium,clear,18,34.8836662951746
2.6543075867031876,high,clear,6,29.004350781180783
10.75432031509811,high,clear,22,51.31468407443067
9.805199854918376,high,clear,14,55.6370977176212
13.28460818937874,medium,clear,15,59.616715343488444
11.290994613254401,low,rainy,7,45.584008832240976
12.24873302538788,medium,clear,9,50.48288227409854
4.948484015998291,low,rainy,3,34.4310199880793
3.4841536129161197,medium,clear,18,32.950406932887404
11.508606522972016,medium,clear,18,53.38456823235349
12.295686349741697,medium,clear,20,57.2942492430957
14.867071988009426,low,clear,14,60.52709077341709
6.776647476759971,low,clear,13,35.59761959389445
6.208253201098964,medium,clear,0,37.193660022515246
11.869781450387956,low,clear,15,46.28885276207978
5.77124956354225,high,rainy,9,47.58478127255283
14.030602558449907,low,rainy,18,63.45500521354095
13.017778525802164,low,clear,21,49.98855795195356
7.005916383250257,low,clear,2,28.632923643037802
11.512194949080964,medium,clear,4,47.566829148630845
11.563600237185552,medium,clear,8,49.19222899700464
2.4437341637030565,low,clear,17,21.488030969137952
13.635740693513933,low,clear,10,51.6320450062927
8.07353321427,medium,clear,15,39.00902343868047
12.570404525508383,low,clear,1,50.18832956883645
5.480694414428564,medium,rainy,11,34.5383158922822
13.537325198946807,medium,clear,21,59.63258525654395
6.448823502278284,low,rainy,5,34.071813198954764
1.151727120724177,low,clear,10,14.251264481108807
13.67534766986969,high,clear,7,64.81771559431701
2.27801347500587,medium,clear,11,22.77701152907207
5.470390926265808,medium,clear,1,32.385805745235245
14.30086753871127,low,clear,8,52.18038437769791
14.308500057125785,medium,clear,14,63.56701988760964
9.028130433726005,low,clear,1,35.40471555961724
9.84572097037719,medium,clear,0,45.885440781147175
7.278237307696477,high,clear,9,42.833505913762785
5.104950803772903,low,clear,1,23.07183329071796
5.601303635178823,low,clear,11,26.87954977720064
10.415258385078538,low,clear,22,37.419542826546234
11.53324341212752,low,clear,7,47.548470380374575
12.08210661216188,low,clear,4,47.84051783030904
12.054653999123754,low,rainy,21,57.83790169786686
2.276885442681665,medium,clear,0,18.583286837255493
7.921884265836141,medium,clear,14,42.365272431361596
1.80582264023302,low,clear,5,15.498584790442765
8.693404352532298,high,clear,11,47.554003515546476
7.181427019227279,low,clear,7,28.16715112678689
13.427858558616197,high,clear,12,64.65071766477631
5.912810175729102,low,clear,18,32.172241733360146
2.638938229986482,high,clear,0,27.35023589279178
3.001883548739702,medium,clear,10,26.74842529398563
11.661148844044611,high,clear,19,62.9725232509455
9.655052886427654,high,clear,0,49.3582304408049
2.415717465719063,low,rainy,7,25.585462053188618
2.177495285609964,high,clear,4,30.46789903417727
10.81356784042768,low,clear,16,43.01862023405688
2.0186820890987094,low,clear,7,15.976873800368221
12.506040830064986,low,clear,9,46.921174873735275
10.887391180190948,medium,rainy,1,52.58229612500953
2.1388829289865967,low,clear,8,13.743064948544083
2.187727997192687,medium,rainy,23,30.61984150177406
14.812954099016457,medium,rainy,22,64.39783585950694
6.239791140585685,medium,clear,2,33.77577464118172
6.188990058936473,high,clear,17,38.746474464208184
12.379193941605036,medium,clear,6,51.61868079159645
14.261480083374021,low,rainy,14,69.48599509786155
14.804014893520193,low,clear,20,57.96004887307013
11.547294593625182,low,clear,21,52.53907532995865
6.2676341974328205,low,clear,19,33.74729155799067
2.1690100337813627,low,clear,17,17.86690702833338
11.880056822984114,low,clear,2,48.12933097974484
8.817659496301271,high,clear,22,48.9975132577158
6.939108129457668,medium,rainy,13,46.113910075612424
13.688961391326304,low,rainy,23,56.69470221741403
2.556764752286119,medium,rainy,1,28.36543729356568
7.8967514600720286,low,clear,13,42.41899549404692
1.158951026743867,medium,clear,21,20.50860152591082
7.561248987917768,medium,clear,10,34.14229304816772
1.788245859545723,medium,clear,15,16.956631744241633
2.6634508277530067,medium,clear,7,21.202489616114175
2.6453674548794686,high,clear,6,31.33626851903513
10.08894422962489,high,clear,10,53.78967127368307
11.444628309715926,medium,rainy,2,54.11887964633436
9.167162711360234,medium,clear,16,42.444505078761026
14.470415678643587,medium,clear,13,61.17864976575509
6.248188113331857,low,clear,5,26.697459765182835
4.99996920794605,low,clear,7,26.15964130186124
13.160387794652443,low,clear,21,56.57653150617413
4.130341739272337,medium,rainy,4,32.43738756895672
14.485115552168558,medium,rainy,7,67.72537689816727
1.1701626456574288,low,rainy,1,21.441698634544505
14.578303573906947,high,rainy,14,79.91836242623194
1.6042387673080656,high,clear,11,26.21084016373436
13.476003591772995,medium,clear,16,58.46938326658428
8.387815527208197,medium,clear,0,44.52253186157614
14.901507145670205,high,clear,14,70.87948637029858
2.033151906295584,low,clear,13,20.791117642150578
8.753959981618491,medium,clear,19,44.366442940042674
14.570235498667385,low,clear,21,56.4222763036805
8.323369818382083,medium,clear,15,37.70500677261366
9.811580933893676,low,clear,8,37.81181053810644
10.74048164578464,high,clear,0,54.77092089532506
7.363574906748825,high,clear,16,42.552325641403776
9.785813121176888,low,clear,12,44.8457644727044
9.180400366923404,medium,clear,20,48.07089140316011
13.616212146873846,high,clear,20,66.90838765287278
1.6362493247804102,medium,clear,4,19.783473765202622
4.933484654291225,high,clear,9,35.74462917750105
14.305760777071821,medium,clear,5,57.295802784662555
13.463692974472828,low,clear,23,48.77335297449005
7.379194538999981,low,clear,18,37.30579299656557
9.681856369221514,low,clear,12,42.84447737674488
4.883336561735858,medium,clear,0,27.31787793333198
3.6336962361326584,low,clear,19,27.08794648609505
7.491777669159751,medium,clear,14,43.729915410050175
5.946931192364739,medium,clear,13,40.06419064838243
9.171185565912209,medium,clear,7,40.46476194852827
2.088284917509788,high,clear,9,27.30300013910739
14.641527307326331,high,clear,8,66.38557273215844
14.80695042271444,medium,clear,16,58.4167715145188
10.774263996276431,high,clear,8,55.46461595644494
8.505349128817684,medium,clear,2,41.51191316142093
5.333386628008588,medium,clear,10,31.958750596407896
12.393130275897281,high,clear,11,62.09872529430037
10.58623641575431,low,clear,9,43.04686339617983
3.276637150828478,low,clear,16,20.137693675448286
13.752980582913795,high,clear,16,62.87187077554831
12.515521400924365,medium,clear,10,52.29883598641946
14.297198786086936,high,clear,21,67.76317605058067
11.16007311743704,high,rainy,3,57.948798978411084
9.587812743101058,low,clear,6,39.6909504847653
6.855402508068664,high,clear,20,50.01347339933213
14.058198766956185,medium,clear,13,61.51436645426308
13.124894453005718,medium,clear,6,57.548871677082346
1.6330613814866517,medium,clear,23,19.546159278297015
1.369137642961528,high,clear,7,22.199868966658567
6.270487136292695,low,clear,0,30.64795991633729
12.347746630945661,medium,rainy,23,57.08466341836069
14.821865810409223,medium,clear,21,66.4831547862677
3.1058364754493946,medium,clear,3,21.762454458484903
9.317830014929893,medium,rainy,11,49.77757836908498
6.332471992834301,low,clear,23,27.396493811414278
14.578801569404444,low,rainy,2,60.13921444133804
12.789664923899922,low,clear,12,54.90220816085048
12.73660186595593,high,rainy,19,72.27860760045556
7.561704237129584,low,clear,5,32.82384837744894
6.807473032727312,low,clear,10,27.665500885757492
4.827699007029887,high,rainy,22,43.94378538219319
1.7892569531129796,low,clear,3,17.430631735330138
13.106113267570745,high,clear,19,64.23234575439915
12.380614127821087,medium,clear,15,50.349783954851254
14.996047426005829,high,clear,6,69.1352569940833
14.952915719034674,low,clear,21,59.44186403196549
8.776043878436784,low,clear,10,34.587904960499195
11.765823812527147,medium,clear,23,50.84258026461999
14.226720218353993,high,clear,0,63.403111879153144
12.89506346948376,medium,clear,6,54.00727467126325
4.462873424404767,low,clear,11,22.562206931521605
7.307617894341309,medium,clear,6,36.26783204286284
2.8082318121209298,medium,clear,22,25.645490204077692
14.356714381622114,medium,clear,6,53.13309378461633
9.48644488231232,medium,clear,9,44.568836155807446
4.200999277048478,high,clear,15,36.49389938767842
10.403809581681994,medium,clear,7,44.96744046269067
9.653795366410542,low,clear,8,40.83691680795793
6.014278052459767,medium,rainy,8,37.124786223697654
2.5898062907948063,low,clear,1,16.449451781057164
10.402024738299195,medium,clear,12,49.65574012771551
8.284307812653106,medium,clear,12,46.75550776516449
11.81245748429895,low,clear,22,41.94747707956119
8.282289015567908,low,rainy,22,44.12716149875487
12.930541004459561,low,clear,3,48.1817458811509
8.726695742842796,high,clear,23,49.409911536843104
8.853131601495408,high,rainy,11,55.61681064721368
13.273150437216831,low,clear,16,50.121914888063536
6.648760126973558,high,clear,1,40.744908257965555
2.87621319830897,medium,clear,12,31.11338472078262
1.4029574683867456,low,clear,17,13.17916987371803
11.571921579430667,low,rainy,14,54.25326742285019
9.684333718948505,medium,rainy,7,51.80842172389258
10.85711675338913,medium,clear,14,52.86284949924113
3.9814982611247505,medium,clear,0,29.660137933606656
2.9092006582147767,low,rainy,19,29.60226779173333
1.203625319350347,low,clear,9,12.309125212659549
5.908225823292358,medium,clear,11,33.27416441592487
9.258847615964862,low,rainy,4,42.88130853571978
6.491416631396253,low,clear,8,28.23040487157735
7.124648908332206,low,clear,22,33.03772311230837
13.658221722912478,high,clear,7,66.63777530328748
5.875576538326205,high,rainy,15,45.13380603114163
8.195852848237351,medium,clear,13,42.63807617214019
11.971142178376002,high,clear,12,62.60651383532837
6.551598952497782,low,clear,22,30.68439931728519
9.709213803190229,medium,clear,20,49.64260046652563
13.073091922454433,low,clear,12,56.60773915630672
14.293288731206989,medium,clear,4,59.21004587017237
3.059028733006531,high,clear,15,28.970267262799773
13.972226752260921,medium,clear,10,55.930043555501214
7.889628103113535,low,rainy,21,41.90721606938995
4.615421436185417,medium,clear,4,31.135622999816626
7.4279005873356585,low,rainy,12,39.299927231464174
14.720456053996678,high,clear,10,63.5947035007454
7.896653315900174,medium,clear,18,42.66635501569018
5.602522544025115,medium,clear,2,32.93540243828498
9.86761196043416,medium,clear,14,48.55952905389118
4.362038662894703,medium,rainy,6,33.355657161255124
2.062086593521295,low,clear,6,15.495204034018487
2.804316106749089,medium,clear,5,23.75851356496376
2.7926417454088144,low,clear,2,15.936902165686439
3.1266377091721207,medium,clear,12,27.485559031420266
2.943580417091742,high,clear,6,34.19258864886701
9.972246427245004,high,clear,4,52.721537476129036
3.5463211815880276,medium,clear,22,27.160527888469773
5.839341966534085,medium,clear,17,32.634082962512686
13.555037738684165,low,clear,21,55.38455271956702
7.635462963680213,medium,clear,7,38.8206507832312
10.345808339294381,low,clear,16,42.49265238523541
3.4124781968228177,medium,clear,19,31.92958593985189
3.692046263321391,low,clear,0,20.823019670325493
1.572160627730704,low,clear,13,21.627234995748754
3.3650908830103035,medium,clear,16,20.162839071371668
4.900264746447421,low,clear,9,26.48536825879251
3.4781467798744554,medium,rainy,11,30.58062842613576
2.241835472598779,low,clear,15,17.83227131039973
2.6889021954084114,low,clear,13,21.768051134833506
7.450902752458161,medium,rainy,15,40.69931919721893
3.888672057681095,low,rainy,7,28.34542423567662
6.099778054673056,low,clear,22,25.29627311737677
8.047841791967997,medium,rainy,9,44.34417051945858
10.665527600811114,low,clear,16,40.37172342022503
1.550369957775385,high,clear,17,26.301044796739202
12.191745584726597,low,clear,19,53.16965499337434
9.79060545287271,low,clear,15,38.39212578770915
2.1446264472842067,medium,clear,16,22.063034436677842
13.230100737494881,low,clear,15,51.16899428893882
13.892213607445385,low,clear,18,55.46213072074858
1.8550914379680925,low,rainy,23,20.37976725646607
4.876287074060852,low,rainy,23,33.367519026582976
12.286817917102859,high,clear,7,58.70167647175276
11.475635665371216,low,rainy,5,51.4451845823774
3.5832942709892825,medium,rainy,5,32.7530049976863
3.9308905267139442,high,clear,20,36.396696367985875
6.186609439079348,medium,clear,8,32.038076564894055
7.783321792674299,high,clear,3,46.10066010510293
9.655566801424143,low,rainy,11,40.83207063082514
6.164790953976814,high,clear,11,40.07177762785359
7.47548602586407,low,clear,22,30.695890332806645
11.464593133872592,medium,clear,16,51.614791685571085
1.5135648404683706,medium,clear,14,25.23292542771501
4.534117220816291,low,clear,8,25.984844257230225
10.986894202383734,medium,clear,6,47.88243334004449
13.53289572762079,medium,clear,9,55.370908797328326
8.163484189619325,low,rainy,15,39.880593530698846
8.449588793714419,low,rainy,11,40.342627582033074
2.5004081587568647,medium,clear,6,27.870537154382564
7.263773135528365,medium,rainy,17,44.40565843817154
8.456641730370325,high,clear,14,50.237548099237415
4.394587050886216,medium,clear,5,33.462378890983004
4.769405233291334,high,clear,11,35.49825582986945
6.281978283464717,medium,rainy,10,40.48823885074786
1.2809967688881692,low,rainy,19,26.72218505040824
5.509108318164496,low,clear,2,23.451417100348486
3.9602720979516253,medium,rainy,1,31.22616269055668
5.584962930490805,medium,clear,5,35.051218440613795
2.676669845469517,low,clear,23,17.580352209735757
13.46738193035853,low,clear,21,57.39948602459734
9.310294349756681,high,clear,4,49.02394616797735
10.507432468022854,medium,clear,17,46.332178193094876
12.048397340502737,medium,rainy,15,60.71570575366121
7.978190785006802,medium,clear,7,39.809596839616454
2.2168840332239315,low,clear,19,20.9609565658098
8.519491585459669,low,clear,21,39.19174783477331
9.215775652292308,low,clear,10,36.463576172050516
11.43615263858062,low,rainy,9,52.791577977216036
7.043233647215511,medium,clear,23,37.660697558924376
2.7861242391378926,medium,clear,11,21.061019453266496
4.972862681182143,high,rainy,20,48.092945157287836
6.083152149580892,high,clear,5,40.11582350513066
10.042841378642418,low,clear,19,45.760709675063836
8.990896265364766,medium,clear,4,40.765546557811554
5.985354162569847,medium,clear,22,35.15167371100839
14.811213483101715,high,clear,8,66.43096189473309
9.48084747099642,low,clear,15,39.18941544816008
4.321175084303922,medium,rainy,21,37.39414480468314
2.4249546166856524,medium,rainy,13,31.806237574715837
3.1400279485806486,low,clear,21,29.735106064275747
4.443408197383114,low,clear,7,26.93038449700271
3.2495392256337796,medium,rainy,19,35.609255351135516
3.6119383367182807,medium,clear,18,33.90182291160872
4.99133236171386,low,clear,13,32.39947211366644
3.4272303341265675,medium,clear,6,24.031268944281422
13.554715944769953,low,rainy,4,55.21428143150559
2.123272439262991,medium,clear,17,22.707170568491605
8.343159453983565,low,clear,1,35.54959963817634
6.745555577855261,high,clear,10,41.43265750088834
14.753300636720489,low,rainy,21,66.70235499765893
2.568544630352733,low,clear,7,14.820668039872306
6.569978386640383,low,rainy,0,35.93993821562606
14.572586065855164,low,clear,21,56.23991089043998
13.117099762515723,medium,clear,11,51.939316600497044
12.439008993289919,low,clear,1,45.903497400564945
4.610639578629158,high,clear,17,36.55849328857545
3.3924262234609213,low,rainy,6,24.8268046526135
10.361005078942034,low,clear,16,38.64679802092534
14.011263847786202,low,clear,21,57.9882899487125
8.794680502195018,low,clear,22,39.36953559546712
9.002577652578598,low,clear,13,43.28543382613982
4.919707311243979,medium,clear,23,33.36271938291923
11.772901064687117,medium,clear,6,53.137059981266525
3.618612479805327,medium,rainy,21,35.880981014396106
5.531509309659412,medium,clear,2,32.858847567706455
6.956110140629835,medium,clear,5,35.68506883477919
8.10654530158237,low,clear,19,41.44383546714323
4.393736253811124,medium,clear,1,27.99758564690623
2.6077155463488495,high,clear,16,28.245753620628015
9.548680594182857,medium,rainy,11,52.39285366724908
5.040827745363581,medium,clear,11,30.758074337537483
9.137335099916571,low,clear,16,36.084945957131254
3.161078013838832,medium,clear,9,23.48578144136885
7.735961425967445,medium,rainy,2,42.86804298902537
8.456252055722203,medium,clear,19,43.365261301747175
1.7255295155139767,high,clear,17,26.221557862054826
5.712459894714888,low,clear,12,32.883422111607075
2.8818054771456394,low,clear,11,18.773537771809277
1.8872495866187484,medium,clear,16,19.78531488709193
14.859443253459233,high,clear,3,69.56934469797214
5.512953829646122,low,clear,22,22.517594541179086
12.338242241964888,low,clear,9,47.62699855620608
4.564969166692694,low,rainy,10,29.409388990442892
10.541038111135009,low,clear,5,39.682751873812066
11.64319003845561,medium,clear,5,50.65847880694226
9.33894236850982,medium,clear,8,42.57733068080715
7.602066639702217,low,clear,14,40.30034685153444
6.765772798061759,low,clear,1,32.033448879008205
5.884155731601934,low,clear,3,31.46472866755377
14.013408019469562,low,clear,4,51.0735881973807
12.628671709028207,medium,clear,16,55.67912410657965
14.510376749331176,high,rainy,7,69.19942071196269
2.7401611287976264,high,clear,7,29.99921038784172
11.23214465285102,low,rainy,21,53.765939853284515
14.13676639549453,high,clear,11,65.6151900123024
3.537262926319242,medium,clear,20,31.76834037544483
1.930947743134885,medium,clear,7,18.99160404294871
11.375689090060828,medium,clear,18,55.443451618151315
9.042623584518767,low,clear,2,36.36689258786852
12.785602874615808,low,clear,17,46.72321390394404
2.956813272768053,low,rainy,20,29.846877094019504
12.133742366038463,low,rainy,18,54.447538775390356
3.8227824806684234,low,clear,18,28.330960141982814
3.291183200119863,medium,clear,14,29.762307979476148
3.299721171033901,medium,clear,5,24.831672269505624
12.404046083239349,medium,clear,15,52.03780499554503
10.312761089746802,low,clear,7,44.23198344262398
8.32291594676767,high,rainy,15,56.00650321796265
6.023626777729035,high,clear,17,42.77240251998548
13.280807571383516,medium,clear,19,59.67233942563287
6.494231503916895,high,clear,15,39.25144468677081
12.432392152602079,medium,clear,10,52.26521757203841
7.147888719983058,high,clear,6,44.07246700140354
6.277222011948706,low,clear,16,30.456886643632675
7.47751699937449,low,clear,16,33.05491648032396
5.219290238297989,low,clear,11,23.604882162514794
11.466531322467516,low,clear,12,48.32876302672211
8.038085461294708,low,rainy,9,38.86198332138628
4.250977732055443,medium,clear,6,28.83103929697797
13.594044025843958,medium,clear,13,61.90932698401181
6.3744770992249595,medium,clear,22,35.51269507383662
8.60974005559584,low,clear,0,36.43129187613223
13.690609553503657,high,clear,16,58.95342964097369
9.73933194279589,medium,rainy,3,46.766276471838054
2.6365725699170968,low,clear,20,22.62934244707201
14.157649730588652,medium,clear,4,57.66910503269874
9.78791274299985,low,clear,19,46.871069403305505
5.688678605199206,low,clear,23,27.22162611158768
2.9498090172874214,high,rainy,22,34.89752839014297
12.116352649784144,low,rainy,6,53.673387564907166
9.68101858299919,medium,clear,9,44.00855236326909
8.468455287668501,high,clear,16,46.60125629193743
13.514496162713407,medium,clear,6,52.3142896722
12.040360957143431,low,rainy,0,52.29145688765276
3.1234483162585165,low,clear,6,19.82798077073447
5.364108949137675,low,rainy,23,30.100034239200927
4.47884795740252,medium,clear,10,29.92525944862011
11.415248096017478,medium,clear,8,50.555337885354405
1.4694540863009113,low,clear,11,14.506187423688687
8.978455588198432,high,rainy,2,54.95881248047938
11.674421600369667,medium,rainy,3,57.9153402944375
13.274718914664492,low,clear,3,50.55921748155554
5.789144482022705,medium,clear,12,35.96292254817139
12.49760226540818,medium,clear,22,52.097510229024245
2.548844317372901,low,clear,18,23.760231755990862
12.850332084283254,low,clear,9,44.48635440418565
2.784841272647754,high,clear,4,28.491471720364004
6.562022067845142,medium,rainy,6,42.050341536213374
12.162135120913751,medium,clear,23,53.90416057117348
3.098843982882833,medium,rainy,15,32.33862942918452
4.209519533256981,low,clear,0,24.415145224266507
11.111535957502928,low,clear,11,43.59409559785166
11.08051151164504,medium,clear,1,46.18372771555974
9.976066860394162,low,clear,6,39.534953812036015
10.7152782225394,low,clear,10,38.15929656637984
8.598142206866346,high,clear,12,55.39573879302055
4.525186824697339,high,clear,1,33.9413348691434
5.839743909054873,medium,clear,6,31.45254020711821
3.542368035219959,high,clear,14,39.744342210941035
13.718307858670796,low,clear,10,47.9256696617933
9.167485126725687,high,rainy,1,53.1236501321262
6.6119198346909585,low,rainy,6,36.371702191723145
7.468081251017858,high,clear,3,45.445004583188535
14.261966754565414,high,clear,10,64.64249867334793
3.1469196436251226,medium,clear,1,24.362592705003554
9.207217648235162,high,rainy,15,58.158408852494375
8.082441504382523,medium,clear,6,40.51996140326887
9.56035929608507,low,clear,12,44.6834177573103
1.2535425734917671,medium,clear,4,20.311920706062786
13.209734725218121,medium,clear,16,54.02802362627713
14.049655954770573,low,clear,20,61.49529919259776
8.911864570248925,medium,clear,11,37.12053067408181
10.753111534276492,high,clear,18,62.17517665106704
13.914991336482139,low,clear,6,53.54918904693263
10.90134088038758,medium,clear,5,48.20059914426445
3.1355466007996586,high,clear,7,31.5666977176032
9.068037042335384,high,rainy,12,59.893004532731936
9.494010649359982,high,clear,4,52.688919124006766
6.937829398233404,medium,rainy,1,41.733759246700444
11.31021929874612,high,clear,8,54.47488841719218
14.081138206766209,medium,clear,10,59.04738039094199
13.957959180694868,low,rainy,23,61.04341001020431
7.3117511996578495,medium,clear,5,33.08091535281604
2.5853326417705738,medium,rainy,6,33.47018158685236
14.787776785472683,low,clear,6,52.289867761358764
12.744573210243077,medium,rainy,18,62.313123077698535
2.7452775368457356,medium,clear,5,20.746053171551985
13.891786356643212,low,clear,10,51.677057174858895
13.178549068869795,medium,clear,10,51.976210636672114
8.263732799765009,medium,rainy,6,43.474678271593255
9.277856100429009,medium,rainy,1,47.456468206119794
6.586037854181823,low,rainy,18,41.03502491293415
1.7666629435084387,low,rainy,3,21.769696028460338
5.692761383042613,low,clear,5,29.560678707948007
12.239948280372161,high,clear,16,61.15614238750631
1.06484832206444,low,clear,4,15.243767594388526
5.6689884036760185,medium,clear,6,31.483730868896608
6.574361710273206,low,clear,8,26.040721574826442
8.52353844113092,low,clear,0,31.843986526784768
13.877978629778646,high,clear,0,65.66939564155557
5.848843921123457,medium,clear,18,39.23404070678511
5.8573448265471875,low,clear,5,26.33862555475347
11.325017473536477,medium,clear,17,46.09357991801455
7.3310511724573,low,clear,9,29.89885147103372
4.144467521159747,medium,clear,10,27.782791167878298
7.334153225857707,medium,clear,0,37.355581677283
2.971998285317198,low,clear,0,21.001057402205596
3.4694178110871263,low,clear,12,24.507544518846387
7.977148818352717,low,clear,4,33.443374398054864
6.8649562930636705,high,clear,19,49.84551149112389
13.807842614953401,high,clear,0,59.173338042084936
6.073514587632864,low,clear,19,33.85544965673264
9.128236903892608,medium,clear,2,41.716253154413955
9.851700030873426,low,clear,17,40.980619650527764
1.183322392236671,low,rainy,8,20.5751803824327
10.289523208233948,medium,rainy,13,55.47595033592252
3.49250353617652,high,clear,16,31.462840895571592
14.454984444572371,high,clear,22,60.76100248262175
3.0812781885435814,medium,clear,13,30.743817562154383
6.804737732178332,low,clear,3,30.89376083666426
2.194895353101014,medium,rainy,4,30.381710770206467
14.956239525843262,low,clear,20,59.0699185052087
8.030730144637396,medium,clear,16,40.92086162920824
9.335390242480614,low,clear,21,40.866318636313565
1.9390706834379847,medium,rainy,1,21.407632454596026
11.499446585588489,low,clear,22,44.30931187602993
3.9386783033382007,low,clear,21,25.68267139990855
13.572760052169993,high,clear,4,60.61663730494054
3.8719549667481004,low,clear,3,23.412075687217534
3.669628089291332,medium,clear,3,28.42537761496111
1.5116953498733283,low,clear,5,14.745928608351706
7.60893723153999,low,rainy,19,43.46177355538364
8.90777586567663,low,rainy,20,47.84874434483494
1.9199209519969331,low,rainy,12,25.453910368188144
11.857386633730147,high,clear,21,63.69735179804725
7.346043686472386,low,rainy,4,34.959387087094285
8.34146377058612,high,clear,22,44.87823505489798
7.170678457135194,medium,clear,22,34.92951306879198
6.6106828522545635,medium,clear,6,35.91475941872675
8.83496463831505,medium,clear,19,45.89991420085866
3.173363443029975,medium,clear,0,27.24087111849607
3.5469938269337957,medium,clear,13,32.24760099355841
13.064998694189242,low,clear,23,47.59280973144303
14.245616469870859,low,rainy,3,60.003780990409815
6.226330427916541,high,clear,16,39.862577227445584
4.790425424009753,high,clear,20,42.317637262077184
10.015993605346221,high,clear,13,58.751525143224605
6.722278395373349,medium,clear,15,37.39626438974548
1.355408979244828,medium,clear,13,24.47027007741032
3.186136363126665,medium,clear,15,27.758656462340433
11.023611203863565,medium,clear,23,48.95346232371324
10.224935186742119,low,clear,19,45.94490987914162
1.3793438950487689,medium,clear,7,18.533002909826433
4.107610267061292,low,rainy,23,27.06021276080714
4.235047152232999,low,clear,2,23.544908908822407
10.406498410382198,high,clear,18,58.421010505106565
1.2759475285610982,low,rainy,0,20.34949378695207
2.4575201477840336,low,clear,1,18.334052098464685
12.198825195224652,low,clear,14,52.10967854196005
3.4996252687606706,high,rainy,21,47.52546662013772
10.138445509926246,medium,clear,9,44.35940676142246
4.334558934654171,medium,clear,17,28.868263492201926
2.3921794986308322,high,clear,21,33.72115206419502
4.404410673992357,high,clear,13,35.29028779482659
11.111737045979229,low,clear,16,42.948265492200804
12.979750553488,medium,clear,12,57.066257548626915
12.623078103937882,medium,clear,0,52.735589394132816
6.560569414658367,medium,clear,4,34.628903201311694
10.353191911989047,low,clear,12,46.83029151184582
3.8697801358214936,high,clear,13,37.54898165683214
5.104068223654186,medium,clear,23,29.502018839488677
13.548701459295676,low,clear,2,52.04749168350693
1.1820269291503045,medium,clear,14,21.927963728488667
2.197119431962553,low,rainy,18,23.914452314469074
3.9104075720443827,low,clear,16,22.04528542998611
1.371450854233476,medium,clear,2,21.256050057836916
3.5400960912571624,low,clear,15,21.998649225065257
9.162581853575691,medium,clear,13,47.83871395178768
6.8999437082949715,medium,rainy,11,44.201121811582475
13.497403955077647,low,clear,11,52.65624634356278
12.444209864338173,high,rainy,10,64.67080053755639
5.785442923770264,low,clear,16,27.851372227984932
4.6319280680380945,low,clear,7,24.476704649387166
6.315693714341736,low,clear,16,28.77357988554007
9.264129195207309,low,rainy,20,51.06088272736968
4.752890971520268,low,clear,22,23.95439204776726
9.738084709887875,medium,clear,19,48.21369634765364
6.731763130677366,high,clear,10,37.012206877281784
8.728660531927723,low,clear,1,34.58937383103574
7.105771407894434,medium,rainy,9,39.68647840607643
5.122520633586848,medium,clear,9,30.28676959822767
14.278346297470193,high,clear,10,62.32766039148507
11.69048111823665,medium,clear,5,51.28881283804776
2.961584460730336,low,clear,3,21.101628598619087
13.15855166257078,low,rainy,23,55.413341470536096
7.824036775493191,medium,clear,11,36.50407489395209
13.52373117651728,high,clear,10,63.14399428191491
12.197973583262414,low,rainy,22,56.3808708659633
6.9529890625692685,low,clear,22,34.023928446356926
1.3145703164816436,high,clear,12,28.131553562970083
4.761483031389245,high,clear,4,33.39808664723126
8.582879005252137,high,clear,5,44.34956413615651
9.868695077566063,medium,clear,0,42.33212632519755
4.610427596064832,low,rainy,5,30.334467725731756
2.950985037019538,medium,clear,17,22.739566560718764
12.689023315190187,medium,clear,21,56.38972987380135
14.78163052984973,low,rainy,8,62.42311112458209
8.359662552237602,medium,clear,23,41.13917389488806
3.403510001876249,medium,clear,14,26.801124751321122
4.812302571271165,low,clear,7,26.400357062232768
1.2574694716645343,medium,rainy,18,30.78447785991768
13.800183291846986,medium,clear,23,57.4570763916017
2.648515160461976,high,clear,15,28.80459743352479
9.07123065719955,low,rainy,5,42.83908361200887
4.836773089620884,low,clear,5,20.56487621246842
8.758492035221108,medium,clear,21,48.009449450732575
10.119885436926099,low,rainy,2,44.36180228817567
12.616385251900823,medium,clear,9,51.10789769351458
3.889897804648445,medium,clear,0,24.901410825225902
1.1539416012187267,low,rainy,13,28.062627037463816
2.916398820963302,medium,clear,3,22.411788333365333
13.600260985873472,medium,clear,11,57.68530350470786
13.234461085875214,low,rainy,5,55.65539904786008
9.363783430384316,high,rainy,10,54.43313086428199
9.407236046071148,high,clear,11,48.20090803165405
10.310513443647576,medium,clear,9,44.67382815597474
3.4551979007282942,medium,clear,17,25.216670888633132
13.801767242949436,medium,clear,6,57.60877594162466
6.862787348489023,high,clear,6,41.64637868648624
6.363939395492965,medium,clear,10,33.07499470291826
8.264847873959726,medium,clear,3,38.03223333207503
1.6575235348507706,high,clear,19,29.584486321631864
3.3279671625851117,low,clear,0,17.42851944825081
11.332470629969187,high,clear,12,62.973469725786764
2.1591813509517706,low,clear,17,15.419865883613568
9.444129532529434,low,clear,8,37.451836798476776
4.434887535538493,low,clear,23,21.971437440653776
6.450138596587672,high,clear,23,40.71670320990777
5.041712314789798,high,clear,8,37.867285293016266
5.979418030509288,medium,clear,22,31.964492449188622
11.066642672579437,medium,rainy,8,54.56140779259946
5.15970401872445,medium,clear,9,33.31552903516863
8.929664964156562,high,rainy,1,53.14966686009527
7.664705630787395,medium,clear,5,37.11518035238177
10.291396315077074,low,clear,14,47.156309484054844
14.115616350546611,low,rainy,2,61.34144138600369
11.256009360943505,medium,clear,10,46.28340752707811
4.0091653002705945,medium,clear,5,23.62588785111612
1.4365638908579854,low,clear,2,14.308478970829373
4.671696620197551,low,clear,23,23.807336066649043
9.331091029803568,high,clear,10,51.393611681742904
1.7199613887795049,low,clear,14,21.25500485958054
7.949127460817309,medium,clear,12,43.77945593070338
9.355799884836449,high,clear,19,57.16582936124293
5.679414471437451,medium,rainy,9,36.676208104607035
11.792770852441507,low,clear,5,45.80147414147803
2.4923755438728055,medium,clear,14,25.045712173989777
2.0519289443013227,high,rainy,17,34.07153028055333
11.194642586850447,medium,clear,17,45.66166448347128
7.9368784268867785,high,clear,6,43.578948186707734
10.637633549988305,low,clear,14,50.33180432494475
7.087582740452447,medium,clear,17,32.6136730856462
4.449628465347495,medium,clear,17,27.91558200521297
12.467432447438796,high,clear,19,66.05672758776572
12.19182230556571,low,rainy,8,57.01817808007599
10.725750591961974,high,clear,23,54.53140185941802
4.810031921219478,medium,clear,1,29.89853601578382
9.26322933616722,low,clear,7,37.86905877199715
6.053634557160375,low,clear,19,35.27537248084945
2.282149026572878,high,rainy,1,35.709854210194436
13.842390056471398,low,clear,10,50.37699459582842
2.9154608328654597,low,clear,6,20.977405881453834
14.303322953491234,low,rainy,5,57.98558742877805
7.24408082141138,high,clear,9,40.53525022406614
3.591861003740675,medium,clear,4,22.584933928350868
8.586613263297014,medium,clear,10,40.35770349704168
13.221241702269715,low,rainy,0,55.86980823835192
11.251148409733856,medium,clear,1,50.664703775299046
12.291856070060296,medium,rainy,23,59.15720103374309
10.222967133950043,high,clear,0,52.82860329226282
10.691871903249934,high,clear,18,61.098636692614505
12.88873912191447,low,rainy,1,54.69169317900531
4.495352124028603,medium,clear,20,30.905084306525918
7.851949491003967,low,clear,19,35.538943829056784
4.096932185474431,medium,clear,22,29.84817197163461
14.827352111953058,low,clear,20,54.99159675305505
14.216830755612586,low,clear,23,52.24901095541942
1.5519753591590826,low,clear,3,20.619513064987295
10.878052415219639,medium,clear,11,48.55262413427991
13.953476443819321,low,clear,21,56.443343690500235
3.5280548317826694,medium,clear,19,27.21524136204165
8.951233227736813,medium,clear,17,45.088440819476865
13.816836166232585,low,clear,0,53.878164240086676
1.4752437002011838,medium,rainy,0,26.795324925280344
10.763883741455759,low,clear,23,42.29053175841365
5.162886103215711,medium,clear,13,36.63268280352989
13.941546735271425,medium,rainy,3,62.527398088606574
14.594815432315148,low,clear,4,51.837924475976784
14.219730847588075,low,rainy,10,60.57186240577385
7.638999033204493,low,clear,23,32.81567978644906
13.068597113850387,high,clear,22,62.24967927086874
12.823691579490985,medium,clear,12,58.22882825735343
5.467406625405578,medium,clear,15,32.32585864031042
12.604816638109483,medium,clear,23,52.78546445301295
1.5181068860168967,low,clear,12,19.369220953871608
9.347778298748743,medium,clear,23,43.10331408720127
4.220123722027843,medium,clear,21,38.58211054700962
2.6879364008819033,low,clear,1,19.668623174609586
2.077344822808928,low,clear,15,21.404150302225826
10.748042862293957,low,clear,5,42.22792375886551
5.758249492752926,medium,clear,13,36.65663253952974
11.14673480140266,high,rainy,0,59.29181028745703
1.9149887711851932,low,clear,16,18.951428706800698
5.414064729628545,medium,rainy,10,35.43182437458742
8.552878093254721,low,clear,18,44.27775579453755
12.07012430774549,high,clear,2,56.177996261695874
5.462535041048978,low,clear,10,28.160924860411786
9.762479270118128,medium,clear,4,41.10542284340709
13.40368847530662,medium,clear,16,54.327154022738526
9.622084634552264,medium,clear,21,48.91041696254944
4.2614326465508725,medium,clear,6,26.589315908245645
1.3416109417915323,low,clear,9,13.686179621706676
13.181384234613018,low,clear,10,49.215062492681334
1.29777175190542,low,clear,2,15.507182355776388
13.24582341757879,low,clear,19,50.56396667476289
8.405119876380969,medium,rainy,9,45.08952017308678
14.146947779180547,low,clear,9,54.950116033083546
12.182965300831315,low,clear,13,52.673855749127135
14.971077547466724,medium,clear,11,62.4558051666542
5.909965416323942,high,clear,14,46.247474958517195
11.740636045035776,medium,clear,9,48.05487792108771
6.62703279052939,low,clear,9,31.20289271382732
7.718258684254724,low,clear,18,38.3551616529497
9.785076485057182,high,clear,0,55.89135211875753
13.231479598608743,low,rainy,23,57.29876796081505
14.777168568790131,low,rainy,9,61.378240521725594
11.755827794103254,medium,clear,1,51.60633190899239
6.848734950342672,medium,clear,16,36.483895934361264
6.898998031878983,medium,clear,23,36.580596351129095
11.326152222244481,low,clear,6,43.445869927939604
4.342880040756233,low,clear,6,24.0995858963087
2.546637583839525,high,clear,19,36.53684611206397
5.964710206970872,low,rainy,8,36.01478675897679
5.021345883157144,medium,clear,21,36.942271288678455
5.148313686383862,medium,clear,1,33.46106835145573
4.270508514698739,medium,clear,13,35.05730979070406
1.5893046549090664,low,clear,16,16.02494979292874
1.2502350862677933,low,clear,0,11.463383659475976
14.828113456304441,medium,rainy,8,63.197803723255156
6.988823872302072,high,clear,19,47.47020281038352
6.380573060235544,high,clear,20,46.23522655280207
10.515061957702978,low,clear,18,49.34118893551546
4.055554430110899,low,clear,3,16.60724951874162
14.299456575303154,high,clear,7,62.83195720042327
12.008830201817728,medium,clear,12,55.63804877652351
2.2517540323716334,high,clear,3,26.761546839849522
6.846130860988997,low,rainy,8,34.94217790622646
13.307656305870307,medium,clear,8,53.92464472584005
14.226248312079743,medium,clear,21,60.78709320809069
7.543621157498176,medium,clear,17,36.086014817663575
9.587759448949909,medium,clear,11,46.48974347423863
3.338475245289053,low,clear,9,21.244062416191117
14.87636076591767,medium,clear,10,61.15696898723702
4.243403819368208,low,clear,6,22.66196594318871
14.198244837891759,medium,clear,8,59.6169449390188
10.09505308589316,high,clear,5,53.98075589362505
9.508315128304028,low,rainy,18,50.72202121379281
8.17763915423112,high,clear,15,45.22458935240914
4.229377364048622,low,clear,14,26.804057795366113
3.4713924480771157,medium,clear,6,27.530437541696084
4.0868069269824545,high,rainy,15,39.22695329804545
3.610135670019563,low,clear,4,18.253358737529776
11.914182629934546,low,clear,15,44.670511740275685
5.901753628334221,medium,clear,0,35.8240722494409
1.8097974718875491,low,clear,18,19.359319086879452
14.56743682197136,medium,clear,4,59.357620049887466
13.37300238948796,high,clear,6,60.88763131772099
13.988531964732982,medium,clear,18,63.49244700316967
14.928709517050095,low,clear,21,60.85972693255633
3.4345334890728223,medium,clear,4,22.32123098488774
6.547388264637222,medium,clear,16,35.17822876808363
11.615338659857278,low,clear,21,46.4808422049747
10.744288652753092,medium,clear,7,46.124730363401454
3.154542688757971,medium,rainy,0,30.440760233009158
12.42166374986865,medium,rainy,1,61.958723080530945
4.142168005713249,low,rainy,14,34.0623289473381
4.133446607516723,medium,clear,19,30.86616764802408
8.51764192050779,low,clear,17,34.91850555649017
9.301159087783844,low,clear,10,39.75187081223654
9.121206909729356,high,clear,9,47.85658704570814
2.280815723568568,medium,clear,23,24.036404166708685
13.284452076825325,low,clear,23,48.80725367438118
4.718400596241885,low,clear,3,22.32456347770142
2.8132088979592584,low,clear,4,17.457620772072236
13.442473118165681,low,clear,3,47.094850546320906
14.379120975216548,low,rainy,12,59.79220896334772
13.069786641716309,low,clear,12,54.04428914650721
12.333225046148293,medium,clear,17,51.86507938175776
10.173387728946304,medium,rainy,23,52.033086755912244
8.71200318852795,medium,clear,1,40.961061196132704
2.2178146387597417,medium,clear,15,26.31195016449087
6.718344982989782,low,clear,0,30.49185363551474
6.217639238172396,high,clear,18,42.89999200228398
4.636552972644567,high,rainy,8,39.66982920652853
11.12788159164019,high,clear,2,55.38425411361803
7.942260291102791,high,clear,6,44.95592763819143
2.134647022707071,high,clear,9,25.946981273794286
4.082564827297359,medium,clear,0,27.12999831662635
10.565622691234342,low,rainy,9,47.60841961493835
2.0658320328642024,medium,clear,20,29.38888356558604
12.916896796682762,medium,clear,8,51.91851097580409
7.9320513781956405,medium,clear,14,42.96069852277058
7.728212082573072,medium,clear,14,46.369869025910475
9.293708985233247,low,rainy,2,44.53829937156096
12.545533522952088,low,clear,4,45.792691113817504
5.869328910630703,high,clear,8,38.1785223628703
10.49222613582689,medium,clear,21,49.04836089741135
8.920247495941075,medium,clear,8,41.915287743170545
4.7383957823718985,low,clear,22,26.277507316787037
13.300819808972212,low,rainy,6,59.16426197818129
12.163964302496993,high,clear,23,55.51932944562142
10.218325685217957,medium,rainy,22,53.39321152962054
12.908144207319387,medium,clear,11,54.053058217559254
13.142118813437232,medium,clear,8,53.9024957106382
10.917081674010486,medium,clear,5,46.916568942272825
12.718186597091409,low,clear,22,44.3126961194848
10.764600463369971,medium,rainy,1,54.569798648246405
10.521970804644205,medium,clear,8,43.928198862245914
9.66055929501258,medium,clear,16,42.48528625492232
11.538032953806978,medium,clear,0,50.45006813052753
3.220471474103032,high,clear,18,33.028143281410884
13.332190628784998,low,clear,5,47.354984000725594
13.205809388433249,high,clear,4,64.05475348358682
1.409461962483828,low,clear,1,14.472503646596943
12.561434507906677,medium,clear,8,51.35990078947129
2.804178144628233,low,clear,13,23.664526742491717
5.691663959627986,low,clear,3,28.41394455390343
11.409115588082509,medium,clear,3,51.476882546722884
3.250638544676315,low,clear,20,22.52704528330937
12.451538337666872,medium,rainy,14,61.304938687176254
12.649878491408387,high,clear,7,61.16632207158261
8.104548272651707,low,clear,3,35.59446995495532
1.0894022040356701,medium,clear,15,15.58026864856678
5.018533864448779,medium,clear,20,33.080980242368746
9.636976857260391,medium,clear,3,43.523435970058266
14.73660649238393,low,clear,15,54.25697196601281
9.845389378233357,low,clear,21,44.64002788930913
4.637250134898237,low,clear,11,21.19310279132983
9.876079843394558,low,clear,15,39.71189507119065
8.559795316021976,low,rainy,18,45.24464455832504
11.91783553211601,medium,rainy,7,54.42087134316737
2.4977289435774175,high,clear,5,29.471194733909513
11.654390635028392,high,clear,9,56.73718464570981
8.577732101465543,medium,rainy,4,48.33658278090858
14.481888054025925,low,clear,17,51.72372742755086
5.786210324541605,low,rainy,9,33.828971847581975
9.856706503875273,low,clear,9,36.43276913476864
14.048393477140245,low,rainy,6,57.595469076995684
2.4351361918695096,medium,clear,17,23.23276424559984
14.121198821310315,medium,rainy,0,64.4596389181692
10.630400112211387,low,clear,6,43.00086792857144
1.9497188274724067,low,clear,20,22.457908076917885
5.213489937255428,high,rainy,0,42.74889014406136
10.914409241033942,medium,clear,14,53.734678599947756
1.9429084205628038,low,clear,3,19.566214786771656
9.150386442467825,high,clear,19,53.516894028191814
5.842362797341394,high,clear,9,42.287484423820246
9.69281724874468,low,rainy,22,46.83139765731744
1.64038847337518,low,clear,8,14.388518555439845
13.201515286133269,medium,clear,1,54.238794856044585
14.628845568483557,high,clear,13,71.12334142478512
14.564289973999681,high,clear,15,67.33319991006225
11.495125644400947,low,clear,0,45.29064619626987
2.8212073618288476,low,clear,1,17.513626891050176
11.615684743006316,medium,clear,6,45.6829482254947
1.3442168304232212,medium,rainy,9,26.3769984091073
1.3097297214059616,low,clear,21,15.0641937141305
5.530543068093578,high,clear,19,40.85966979038054
7.84100466566532,medium,rainy,0,43.7180596075926
11.785703849309105,high,clear,12,59.92895434858924
10.566135272491072,high,rainy,0,60.3334626730802
7.2426378892744765,medium,clear,4,36.135537268588905
4.830773327943322,medium,rainy,15,37.062781944674875
14.959743002207956,medium,clear,14,61.663793940182515
6.9665382313036215,low,rainy,16,35.57581926153727
7.3194183406154565,medium,clear,22,36.96665377650483
3.2907334966833686,low,clear,15,19.957656751062018
12.12733368249901,medium,clear,12,57.77007385845047
10.711551160940841,low,clear,10,40.30547632203543
4.0907745790426455,low,clear,16,21.33630316712194
2.1533346386217977,low,clear,16,17.474703237626134
10.526990229045984,low,clear,1,37.18384920842393
10.163156999935893,medium,clear,12,51.25934150359227
4.82563337797493,medium,clear,13,36.00479736531463
14.312089871505744,medium,clear,10,55.26894816916075
3.1148104849326033,low,clear,9,18.714385558227786
7.052687214596427,low,clear,2,34.143381276803574
14.210622882346385,low,clear,16,53.951525242501454
6.8761824369657125,low,clear,14,36.52249185683887
9.939363267297198,high,clear,8,53.800008432140565
6.56632157147912,low,clear,9,33.30805494966236
4.83901283288138,low,rainy,7,30.554106638280885
14.775687071437595,low,clear,20,58.51268320586873
6.730676088410602,low,clear,12,37.169105087179666
13.517388851507881,medium,clear,17,55.17726028262462
4.219364482475207,medium,clear,4,25.802056131387733
3.9834658563511662,low,clear,5,20.870265063079014
1.435877160383159,low,clear,16,14.93229064526624
10.12333555526239,low,clear,10,39.470815060965414
6.159368812132656,low,clear,19,32.72815594154214
13.101015497754918,low,clear,15,47.248414863974354
7.6249386936818,high,clear,8,47.74554911345103
14.554707990806104,medium,clear,1,57.97887053304337
3.597357219843696,medium,clear,4,24.36904971830061
13.160724351378551,medium,rainy,0,59.27192744092443
11.872355939084384,medium,clear,3,52.22211976717744
11.792905825016728,medium,clear,3,51.52511463205651
12.826965193636427,medium,rainy,21,63.47718617262353
11.654335873201985,medium,clear,2,50.027633695556794
9.767084502839815,low,clear,8,39.854662356224416
2.837428287553426,medium,clear,21,27.10412347764907
1.4553665128775268,medium,rainy,22,22.284853963852598
13.891869869419615,high,clear,11,64.70568444712133
9.633104403290332,medium,clear,9,42.60184488187445
12.151522073666468,medium,clear,1,52.33526292176724
7.741312921175701,low,rainy,10,39.865992048022186
2.6423146454735225,medium,clear,9,23.03852853893159
2.7526010908357064,low,clear,21,22.405548974927783
10.597914021205598,low,rainy,5,46.52588561858516
7.024282528592478,low,clear,17,28.796012775704984
3.807346173804714,medium,clear,1,25.192542612635968
7.882323654380116,low,clear,1,34.784600986240726
1.8989251190518772,low,clear,9,18.49242684140362
9.147599626801583,high,rainy,15,57.94499756488939
4.765907662091367,low,clear,11,24.58856901862386
12.165827408920634,medium,rainy,0,60.29207034812518
5.345067424930033,medium,clear,20,35.42156701906853
7.3730820871452165,low,clear,7,29.53715289640551
1.162687558713409,medium,rainy,15,28.32981151456078
2.014256429123824,low,clear,17,17.10838586028501
6.494909789693588,medium,clear,12,36.415467868000924
7.719143686039729,medium,clear,14,46.27552821539391
9.400287673670253,medium,rainy,20,52.71401805079319
5.083276101930245,medium,clear,11,29.19806379034047
10.729746405771596,low,clear,7,44.232005495481204
13.041713560648864,low,clear,9,51.84855490925998
11.917913844506897,medium,clear,13,53.75226347663816
1.554663554877,medium,clear,4,22.605972188684557
7.727097261609606,high,clear,17,46.9297653776477
2.469022497854448,high,clear,18,32.80756986968606
4.388630222075385,high,clear,14,39.674078137659144
14.81327630574005,medium,clear,5,62.47210071036727
2.994937600621185,low,rainy,10,21.863689596646967
7.984434148318985,medium,clear,20,46.71473119674139
9.654180280453668,medium,rainy,10,51.655355097034054
10.834509587617456,low,clear,19,48.52181028739377
8.835081568816797,high,clear,19,53.768636083592405
1.1367918638685712,high,rainy,20,40.35065155653067
5.570458315415887,medium,clear,17,35.94722214765746
8.247963007385959,low,clear,17,33.513429522122564
2.2301309880276667,low,rainy,9,23.914802538546333
5.90877703692853,high,clear,1,43.475084105141256
1.464843523079132,high,clear,8,24.824441407237376
2.1000989601702904,low,clear,13,21.786576029134626
6.556925866822345,low,clear,18,36.67852848503202
2.858020556602845,high,clear,9,26.544274859926396
8.945571875661814,low,clear,22,38.493826084381226
10.65250956792172,medium,clear,3,44.78066465694437
12.20821378752716,high,clear,5,59.00930409249282
3.8021034194273415,low,clear,13,28.694999960065662
3.3447561516269766,medium,clear,3,20.25590706300107
2.4639497646816038,low,clear,14,23.9635670695326
9.910023493610915,low,clear,15,43.806728450094404
10.890660170816616,high,clear,6,53.60537851311812
1.4422060275589885,medium,clear,16,20.479998376245213
14.106971447411658,high,clear,18,71.99148700363375
1.7275979711206138,medium,clear,18,21.996903816941895
8.578148694214986,low,rainy,16,43.24918559971246
10.92684727231283,low,clear,5,44.828074282134054
13.193567732445198,low,clear,10,50.857943637209125
10.997217049853989,low,clear,15,43.16489653397221
12.224193162977086,low,clear,7,44.671753925319
5.752302695599285,low,rainy,10,36.039754793870344
12.40755159245117,medium,rainy,6,58.291661907816824
2.1216078493854518,medium,clear,23,19.557062722909166
13.527433184847387,medium,clear,21,59.94624789371302
8.666293266152307,medium,rainy,18,52.735650781126274
12.442168779474912,low,rainy,9,50.20413642465631
7.332455983256202,low,clear,8,32.03322865493684
10.01008773275135,medium,clear,3,44.196508764138066
8.369637253105585,medium,clear,22,42.78096472204873
11.242253304574646,low,rainy,14,50.976978719148484
2.142819748428254,high,clear,12,35.30597453028973
1.8449291758678932,medium,clear,1,23.36897717880871
4.45944527614205,medium,clear,1,24.704158554130426
3.233625521584637,low,clear,15,16.26651159313976
13.204969932290824,medium,clear,8,58.18670989000543
4.068995823012621,medium,rainy,12,36.398243371831995
14.662113581467839,medium,clear,2,65.17599898538042
5.716541084795496,medium,clear,8,28.537943183346158
3.5496508196417897,high,clear,12,37.989047268899604
12.055779099994709,medium,clear,20,56.12054982547869
10.221908857012266,low,clear,21,45.24933503590689
7.974740030343946,medium,clear,1,39.8501448124434
8.775089713126837,medium,clear,7,42.36656198883865
11.068824895811694,medium,clear,8,47.87115672217688
4.198366378638182,low,clear,15,20.566751248260005
14.948674824794388,low,clear,1,56.941545202865925
14.647104270054964,high,rainy,5,73.19741813633055
10.104559608857116,medium,rainy,21,56.5428462078035
3.7935943130080316,high,clear,7,34.573517903858814
10.523195394038078,medium,clear,4,48.1074690822965
2.010777725708462,medium,rainy,8,25.508869090162747
1.429135030881285,medium,clear,0,20.40876583960747
4.607560439156991,high,rainy,8,40.71660986643429
7.476721394350428,medium,rainy,9,45.03423089622489
13.155815075717328,medium,clear,22,54.08264605430552
11.180366976728312,low,clear,3,44.76454007754838
11.397891296799735,medium,rainy,2,54.32608329098016
6.956906682273055,medium,clear,9,37.19812491869451
5.843089895657481,low,clear,14,30.571731228740425
6.194542681784438,low,clear,10,28.65596580508024
14.82709389230481,low,clear,13,61.4425467071343
1.5615286797747547,low,clear,5,15.618995353816114
13.13844094571428,low,clear,11,49.799380304041264
9.101455720013508,medium,rainy,12,56.911489839341804
7.140615868654266,high,clear,16,45.46912134294064
11.15360724581191,medium,clear,15,50.171901635941985
7.81336517994584,low,clear,2,34.756151097670525
13.227925333143247,low,clear,1,51.24916974392307
13.609826096157619,medium,clear,10,59.14368230957719
6.904092976228376,low,rainy,8,35.876941553243135
4.875589161290722,high,rainy,2,44.64557541442265
9.292904600307072,medium,clear,17,43.59168957847077
13.773086838633674,medium,clear,19,60.55302544163303
3.949270646079332,low,clear,14,26.648361732155436
9.721532169888759,medium,clear,13,49.60290587275896
9.841843081295288,low,clear,1,37.805649108547016
11.263582313813934,high,clear,16,57.51877249244269
2.8419475917816373,medium,rainy,21,34.320139927166835
11.02154950554924,low,clear,7,43.23450684113307
13.726455289318974,low,clear,9,53.89377096781253
3.5155635241833876,low,clear,17,20.806186983003766
4.325606548934287,medium,clear,18,36.08215653564507
14.599531316582954,low,clear,7,52.748964931958575
3.5336773379328568,medium,clear,7,23.406892336209268
12.961391307174107,low,clear,2,48.30418762763255
7.891889990272487,medium,clear,2,33.046240571833835
4.461235041644478,high,clear,11,37.195228629875324
13.190498617815159,medium,clear,21,57.49369877087049
7.234273570037317,medium,clear,16,35.46742986721941
8.207442955015662,low,clear,3,36.05488598828884
6.02926717159672,low,rainy,16,34.32604371062594
9.301311920088985,medium,clear,13,47.022844844106714
3.2893342161903187,low,clear,18,20.79491790352742
6.47514151312465,medium,clear,8,37.02704059916834
14.571772512694025,low,clear,20,60.161477605035
4.613868057815786,low,clear,11,27.95304683284386
10.194313303578092,low,clear,4,39.39018023875346
5.552660899145728,high,clear,10,35.74908216868117
11.828623759612409,low,clear,19,52.47538184936607
2.8322312500568976,medium,rainy,2,29.12057391536999
14.577494631099626,low,clear,20,59.988823611436786
7.3530535793709495,medium,rainy,14,51.29899131276596
4.304706486850495,low,clear,13,28.69042565347984
2.0289544626201774,high,clear,10,28.4214611889516
3.3766106712255706,high,rainy,19,43.58983758628789
8.276835279784247,low,clear,7,31.556009467423408
5.718044470038008,high,clear,3,41.370209829080125
12.604367122356532,high,clear,11,62.157273691567916
7.032425331265284,high,clear,7,44.1584160437209
4.481999816226819,high,clear,5,32.41519017881879
9.64002981245642,low,clear,14,43.67779178709524
10.894881036396242,medium,rainy,11,56.561694659974435
3.3385867106132983,low,clear,15,18.88425280589296
3.3466690280364473,low,rainy,15,28.408513187936663
1.5133999770696016,high,rainy,20,37.65039291652251
11.309628210918968,low,clear,19,50.353892311788826
10.293263386705272,medium,clear,19,50.05550733446625
7.644832260497394,high,rainy,3,51.10325854478352
12.81838628556876,high,rainy,10,67.32858935304404
12.279382141300744,high,clear,12,61.67167847611386
9.19496110155453,low,clear,8,38.13270956262161
13.15579792718562,low,clear,3,44.09034318196314
3.8817769405147553,medium,clear,11,25.44232724790072
2.5668746715681903,low,clear,8,18.78839004343213
4.776494561237855,low,clear,12,31.57000952481469
1.799215985250408,low,clear,15,16.34315223934968
8.436373392014449,medium,clear,5,37.528486628381415
14.112479692129462,medium,clear,9,59.403155334119546
1.550809569359135,low,clear,12,17.374129245031938
2.709538796140375,medium,clear,6,24.35701349126983
7.330786395968094,low,clear,18,34.78069169871857
14.074250245390669,low,clear,23,50.67633832744769
5.4261854696745075,medium,clear,18,34.36585813716256
8.101287321637495,medium,clear,16,39.58177914347593
1.5820200267054894,medium,rainy,12,30.354991052867337
3.076804813469244,low,clear,12,25.248233315669115
14.812821721423857,high,clear,20,71.40119548692536
14.511661750104638,medium,clear,1,55.49923834313984
1.0691597330817346,medium,rainy,9,24.759104135441152
14.325364995925346,medium,clear,21,59.4517636869103
9.947679129417004,high,clear,12,55.07532940215301
13.15085612328031,medium,clear,8,53.72474170568293
7.366357978874028,medium,clear,0,36.232667122242795
8.218344400109503,high,clear,13,48.36020787931646
7.843852123596882,medium,clear,15,41.27387547786703
10.336099605645462,medium,clear,19,54.30430439704979
2.9551175665883807,medium,clear,14,33.36690290838304
1.4196302582174913,low,clear,0,16.55419360963179
5.311019182276673,low,clear,16,25.14216446924947
10.865530678313053,medium,rainy,23,52.77123299304201
3.8259483297212773,high,clear,12,37.54205731681738
10.428054066548842,high,rainy,14,68.25543757209809
14.578768645501786,low,clear,15,53.505222998575036
2.314610021051857,medium,clear,15,24.482295876996027
10.416429655151768,low,clear,1,43.632158920894184
7.212503070263996,high,rainy,16,50.01660492295373
13.153991561285075,high,clear,10,58.55869299639622
3.4800970522634027,medium,clear,7,25.252453879488378
10.696763331166304,high,clear,19,59.38422254592482
12.733614055073543,medium,clear,2,55.7566847450266
14.224599072636325,medium,clear,11,57.71271304210956
10.565472396055041,low,clear,19,44.27920606091551
7.960446696117982,medium,clear,15,40.857160083817355
9.649861362816994,medium,clear,13,48.49450144345601
13.164669782702056,medium,clear,15,49.40351024883309
8.988536452943617,low,clear,20,42.61557850798434
1.425418835755716,high,clear,16,27.277799095507568
14.033281737097688,low,clear,10,50.41396882556149
10.653374514441856,medium,clear,16,46.57603194207939
10.471187400881451,medium,clear,18,52.72899625459225
4.01945213356804,medium,rainy,21,38.721926003108685
10.224396583257201,medium,rainy,0,48.547875849541605
6.514101679158219,low,rainy,11,38.049405370469394
10.117261678580888,low,clear,14,48.76444627481997
2.49230242431187,medium,clear,17,21.456539500871926
10.209834264442504,medium,clear,22,41.80975964748234
14.991792160789332,low,clear,13,61.5176020959739
1.6749685440477844,medium,clear,0,18.678720753787164
14.680438579098443,medium,clear,12,65.11221332746582
6.696711450120189,medium,rainy,14,50.49447528349464
13.190548304721627,high,rainy,6,64.47902975578718
11.95339677681583,low,clear,14,49.26694857082284
8.93822765381335,low,clear,19,41.42572377434315
11.338288929518571,medium,clear,9,51.5982235112736
13.29921785821887,medium,clear,13,67.00888783376317
6.657964503114462,medium,clear,5,35.46806388354264
5.578464261885342,high,clear,13,40.47094730420699
10.346307397890186,high,clear,23,52.34787944516811
12.30984318717762,high,clear,21,62.379802589056894
11.67199188687262,medium,clear,11,51.45914661598944
12.169391084020884,medium,clear,10,52.261942658660516
7.098166407381062,medium,clear,19,39.210872486133994
12.449679026450303,low,rainy,21,56.68206623085665
2.682926775188518,medium,clear,23,22.328665880416875
8.622847371451893,low,clear,18,40.38982549423018
1.080621246973702,high,clear,1,25.15748590858195
5.544201618603784,medium,clear,21,36.73035128620018
6.13046148819957,medium,rainy,19,46.86108554006778
6.546417682529576,low,clear,0,28.846831023545846
10.73654089365807,low,clear,7,41.12248900048104
6.4398134177848405,low,clear,13,31.641892211574756
7.281710716715429,medium,rainy,8,42.397413684911236
4.325617832240584,low,clear,1,23.48924598910785
6.225525082810761,medium,clear,22,30.228382525245927
4.181774781684121,high,clear,4,33.86046715826322
2.024742932758211,high,clear,22,30.394817058114718
9.44828030733929,medium,clear,7,44.641453007420296
10.354979179770227,low,clear,15,41.811803884832266
9.672864844134603,high,clear,21,57.26101913035282
7.488916613208013,high,rainy,15,49.319341299844794
6.317000922509218,low,clear,12,32.53716319571573
13.086671094005553,medium,clear,19,61.803830843492975
8.267144991907053,low,clear,14,41.45871373457091
7.708546286816233,high,clear,0,43.633092817186494
1.3589889212900996,high,clear,21,27.319518844514327
5.777469586766189,low,clear,2,25.881377663337936
6.322738663001999,high,clear,5,42.05528444393782
6.583518932556607,medium,clear,21,38.43403651222336
9.122413169182652,high,clear,13,55.027375129148986
8.470435654176299,medium,clear,3,43.2508480703267
9.510671299108225,high,clear,17,50.345959741738525
11.708365661589795,low,clear,14,50.59301729073914
12.381800342025308,low,clear,8,48.51520873907506
11.053723067170921,low,rainy,17,46.99700068485769
14.377331743369085,high,rainy,2,69.58589678008316
1.2552561574690628,high,clear,9,27.218090792214284
3.7408917995696456,high,clear,16,33.296610439807154
1.1058802496939897,high,clear,6,25.561157969700826
10.064645998164442,low,rainy,14,51.26050965020802
13.572427685299816,low,clear,0,52.673870993823364
4.40875215206819,low,clear,10,24.09768173710392
13.978483627148293,low,clear,16,52.8330910635865
1.843743464053852,low,rainy,4,23.9756267072731
14.0821043752772,medium,clear,6,60.459460841980984
5.922717621354882,low,clear,18,37.25533631160074
2.4198915982890314,low,clear,23,16.101647405236548
7.802204628608559,low,clear,14,43.34542871384293
4.594871948087111,low,clear,2,21.591069957350967
4.988220627466919,high,clear,14,45.83515668848701
5.3020595089680125,medium,clear,4,29.638258809521282
12.242362569657288,high,clear,22,58.58920811656236
8.548257873453563,medium,clear,11,40.68192551068663
5.358307788184051,low,clear,19,29.34098186489612
9.544672966352858,medium,clear,4,43.807456232570495
11.02610943912471,low,clear,2,41.44765209769884
4.816736010269473,low,clear,8,21.98032117346702
6.789687421354921,low,clear,8,30.2916149980123
2.706405306717266,low,clear,6,21.298969700637667
3.5360908934855244,low,clear,1,20.100233202422622
10.53564995550976,low,rainy,22,49.48899169727771
3.5401368677387772,medium,clear,22,23.929078017784693
8.352287371338843,low,clear,20,37.489909972747455
10.926647664114057,low,clear,15,43.687663306252894
2.4962769233264135,high,clear,8,33.00005554018213
8.94237107480465,low,rainy,12,48.245022128680255
4.591878971819092,low,rainy,18,36.42893180853142
14.480976253326117,high,clear,19,73.4331775803713
7.769639054078946,low,clear,16,33.23585646287255
12.283895696852213,low,clear,5,46.54756052723414
8.703171590187665,medium,clear,3,42.05369147182426
1.6077754599674683,low,clear,0,16.123364592138742
9.864119258316313,medium,clear,17,41.79440759758252
14.319646790893199,high,clear,18,70.5503916252211
9.422565482048636,low,clear,8,38.26633362725951
12.468644031975064,medium,rainy,12,61.826894417704565
13.37889048687771,medium,clear,7,54.99705068027776
4.193116807285055,low,rainy,22,26.248700758129715
3.968627758715173,medium,clear,12,28.884027816398152
9.553733843913884,low,clear,14,43.79489803102371
6.754398577293866,medium,clear,10,37.06734977867275
12.758058240134085,low,clear,11,47.57959324409554
13.600323727572157,medium,clear,13,58.87951265510112
5.9478993102380535,low,clear,3,26.233100359538163
4.316187825642749,high,rainy,0,42.04645251246135
11.927357213414066,low,clear,23,49.11684207612739
4.847284497673906,medium,clear,3,31.082765875876312
12.516600459191498,medium,rainy,18,66.15138517607161
6.93233555108268,medium,clear,8,33.7017592577077
10.345698590080586,medium,clear,9,45.889235936772145
2.3374943936853545,medium,clear,3,24.049864881904877
9.734030545472022,medium,rainy,19,52.4037364739616
7.324747502321207,high,rainy,8,48.657496079710796
9.212518484456638,low,rainy,12,50.52159376745298
3.352198908428088,medium,clear,11,25.573448266860964
11.31623242921855,high,rainy,10,60.01847542309028
13.0791590856052,high,clear,11,57.97583444240178
4.0343572012708595,high,clear,17,36.777701966542594
2.340003777282264,low,clear,11,12.91324256476495
1.3309402046487095,low,clear,15,15.25761097188674
9.987601006205724,medium,rainy,4,49.89671414784378
9.49931650524293,medium,rainy,19,56.59208614845549
8.65376377799698,medium,clear,11,38.876994734373135
4.247259345623656,medium,clear,20,37.971375907594506
6.472683942677206,high,clear,10,42.22264953940838
9.322668692606422,low,rainy,8,45.10214451539045
7.954736024028371,high,clear,17,44.31811369853143
14.828997283008423,medium,clear,2,59.22023118062762
2.910156535794264,low,clear,19,23.51557146187043
10.732023756666313,medium,clear,16,50.7882079285023
6.66046275346009,medium,clear,13,40.782541803235844
6.994794608958607,low,rainy,0,38.072043239682294
11.046368719214467,low,clear,16,44.20440391060713
10.694106118541175,high,clear,7,55.33954015379272
14.877583911830637,low,clear,4,51.85384471600633
2.7975200523577533,medium,clear,4,27.49109637314669
2.457535091378329,medium,rainy,8,26.617628129745068
11.140743439802376,medium,clear,2,48.34542164806895
9.097416838089728,medium,clear,18,50.35521630931244
4.838249331837282,low,clear,22,28.383998588986568
2.1118711658458125,medium,clear,8,22.947521657000387
2.1992154943500273,low,clear,21,20.588257103558988
13.518672245297656,medium,clear,17,55.81148584178157
3.686142546062401,low,clear,15,21.392362196402914
5.527201869617291,medium,clear,0,31.98638652347014
4.1731896311778325,low,clear,1,20.05946283870857
5.969948281647122,low,clear,13,35.43006390973234
1.9719337984453071,low,clear,13,21.18497934721148
8.266837072715784,low,clear,0,33.35607368024747
1.9465758902910086,high,rainy,15,32.84294149537814
12.204991109513061,low,rainy,14,58.154673399556614
4.271969146746063,high,clear,14,37.01009414112138
8.560166804463147,high,clear,11,49.43737056572135
13.321107225860416,medium,clear,15,55.43278228240073
10.112283166660719,low,clear,13,48.46822873403434
8.461409011718693,low,rainy,23,41.53939447742522
5.540672543615258,medium,clear,14,34.45148175127468
5.662026782814771,low,clear,22,24.590473968689643
10.372817372774662,low,rainy,14,51.33704089049913
14.917951057096346,medium,rainy,18,70.18404363804598
10.2657486578913,high,clear,7,51.662722544358736
8.808967843180348,medium,clear,1,41.68386459537791
11.229107143349445,low,clear,1,42.50203404227698
7.512878571972054,medium,clear,9,38.04704750476464
1.841992796410993,low,rainy,2,20.48468155789644
8.872155422290737,low,rainy,22,43.879873682341355
14.406753983075323,high,clear,16,64.60006436247232
3.4542411930072348,low,clear,7,22.855136923556568
10.660068471489321,low,rainy,22,49.28479481404727
3.8130716412267907,low,clear,3,21.82638560330378
8.501587582623138,high,clear,13,52.0894082145896
2.3534702950540747,medium,clear,20,24.02239143450498
7.305193107614592,medium,clear,9,39.74267813219162
11.586286604533445,medium,clear,0,48.39730565676574
5.866001339345749,low,clear,3,27.779468286841684
10.308764142821053,medium,clear,0,46.61390107553492
12.136299451056209,low,clear,16,46.04187523401251
13.980489472712337,low,clear,16,54.65067052685307
4.28498914597635,medium,clear,6,25.412225603111555
6.590422821330314,high,clear,22,45.23913807796562
3.1338241866258443,low,rainy,19,31.744587674894166
14.894769030217253,low,clear,14,59.19146591698282
13.978013550940135,low,clear,12,56.46358066495783
8.559399823927833,low,clear,1,31.24455646397582
12.788466121269899,high,rainy,18,69.6689328234735
8.29341168180859,medium,clear,23,39.172427535399684
9.730199632038635,medium,clear,12,49.54280884817772
2.2477420496242324,medium,clear,23,24.26238863777715
11.57378588695531,low,clear,10,48.796448910523836
2.7879887708932873,medium,clear,21,28.90850051028501
12.564946823535397,medium,clear,14,58.106059094892125
11.948393227385402,medium,clear,9,49.86447614713247
10.92242576840167,high,clear,8,51.33707701855927
1.5062453273466696,medium,clear,8,18.307162929629577
5.243796983234601,low,clear,19,30.320388790211755
4.6835759787518,high,clear,0,38.00151677758572
6.0419097046012675,low,clear,16,29.1647581769677
2.2269984546937396,low,clear,11,17.12408581188334
14.11740952243488,low,clear,9,51.19062838032613
8.753231369973268,low,clear,4,32.295460611831544
5.27734034921233,medium,rainy,17,32.98850895017168
6.557741239039968,medium,rainy,14,42.34575078323588
7.2608355670677,high,clear,5,43.19849334879366
9.408320667048642,medium,clear,6,45.2130508765819
8.21951198775097,medium,clear,16,41.592667103174676
13.871487625001842,low,rainy,5,59.2018943991604
7.957488760681624,low,clear,7,32.84227531500879
14.890212207526378,medium,clear,11,61.95916295481336
12.919949408431341,medium,clear,20,56.89770707271433
3.9191472010027013,high,clear,13,40.46422848072586
14.028333005014828,low,rainy,11,54.73584637546837
2.6291295703966653,low,clear,22,15.53316422341556
12.444295918876682,medium,clear,9,55.63811787857117
6.328726108672122,low,rainy,21,39.578509098357955
13.291640486230973,low,clear,19,53.51298173986002
13.152793661504305,medium,clear,14,61.66389840184422
12.282955601646696,low,clear,6,49.283610052054634
12.06042610829886,medium,rainy,8,56.314716708698136
5.265507947372571,low,clear,9,26.35345074800199
2.1328699627175305,low,clear,9,16.67242473896688
6.641722502712261,low,clear,15,24.27096462667678
3.4293432098111216,high,clear,6,29.496309471905914
10.729315244634464,low,clear,4,44.072454562267545
5.845396171528997,medium,clear,22,30.8709800165015
14.658542812038808,low,clear,2,55.03530422824655
9.973609082834649,medium,rainy,17,51.44690815119501
12.514727890881053,low,clear,10,49.975049212898924
2.8553454183858777,medium,clear,14,25.83845327834192
13.068202751816717,medium,clear,20,59.99301993737266
13.91860066718752,high,clear,19,68.62497308529167
7.818866863465103,low,rainy,4,37.87705190904541
9.487541128513683,low,clear,23,36.86903056498257
11.707337212641937,low,clear,11,45.576973399577135
3.4477407816457757,high,clear,3,33.602562687040916
8.035925070488194,medium,clear,14,44.23496777655318
6.581282388812383,medium,clear,8,34.93327567015171
3.0492358902714876,low,clear,6,18.150718862742416
6.14548191208144,low,clear,9,27.57207410214487
1.95441233139691,low,clear,22,14.278296277474935
1.3613666972928178,high,clear,12,30.046896788488397
2.892328048167519,medium,clear,7,24.86633532817255
14.483611562248434,high,rainy,11,72.86364593561301
8.693413502530237,low,clear,21,38.528489275978444
14.52151025614508,medium,clear,23,56.77165741787204
7.054970296621848,medium,clear,18,39.74411484252716
5.365425863193634,low,clear,0,25.968203866048068
8.085986079763417,high,clear,15,42.89165262721745
7.1531636408607415,high,rainy,21,52.701676827105544
2.479305579664415,high,clear,16,26.6667537129491
9.971568405662888,medium,rainy,17,51.715669485408895
4.0245345551343945,low,clear,10,22.014253780738652
9.674231368569615,low,clear,17,38.0975990548241
10.102815293574148,high,rainy,6,56.181891319186406
3.1283479438010735,low,clear,17,18.49085092882483
1.8588947795493542,medium,rainy,7,25.44730010713222
11.930662204958157,medium,clear,5,54.061319719914216
7.437205932770483,medium,rainy,6,45.30565722147499
1.814293137076661,high,clear,22,26.06146355937214
14.92812844037674,low,clear,21,60.11477600303514
1.808927853949133,low,clear,9,17.31520085501939
10.730493204019744,low,clear,10,40.809451237466654
14.77150495368779,medium,clear,12,61.48029337911683
4.348521459022958,low,clear,8,19.451847335203627
2.9914911616207465,low,clear,6,21.51900732469145
2.6993891519140045,high,clear,8,29.71604269280218
5.2458520659463375,high,clear,12,43.32020666358841
2.4146413541490537,low,clear,2,16.09544931180904
10.690258783717846,low,clear,2,39.53497851417417
1.8720851738208777,high,clear,0,25.45365387178444
8.131909794097055,low,clear,20,36.713659797705944
14.953755953941675,low,clear,19,61.561256690762775
12.395583773084264,low,clear,1,50.171873635916896
9.613072135234152,medium,rainy,2,49.91370433065251
5.287550691012563,low,rainy,14,33.8270538866369
9.734541708082938,high,clear,23,52.196793505920034
8.378580494763122,medium,clear,5,42.665710814274455
6.965167374465201,medium,clear,12,42.83883565836239
2.8299452743627924,low,clear,20,23.43157372611839
13.412459013366535,medium,clear,0,54.76841256684584
7.296985083498515,medium,clear,19,41.81662260807608
3.7247151654907107,medium,clear,18,33.62464350642556
6.148630912282055,medium,clear,0,34.96662359248893
6.797816535404978,medium,clear,20,39.621935606968336
12.58553053793624,high,rainy,21,69.93476106222793
11.270601327859628,high,clear,1,54.84841388609751
11.770268510978758,medium,rainy,14,59.18154026583167
1.154437702001061,low,rainy,13,27.166989577493958
6.826155974516661,low,clear,18,33.902820428057105
7.73881812289453,low,clear,10,34.197006500017096
1.2686918755227936,medium,clear,14,22.483220349932715
4.6373849224304795,medium,rainy,5,33.95770700322472
11.64405752370989,medium,rainy,19,60.70441103768373
2.919535880205987,high,clear,8,31.849092490286374
8.494341840336283,high,clear,4,46.96457775743789
4.012826208241325,high,clear,19,36.76006828148932
1.1696908450145058,low,clear,1,13.54723519720172
4.3768204063935805,medium,clear,5,26.597117620797484
14.662232568740754,low,rainy,17,63.07437432005132
12.221519566361854,low,clear,22,46.14466969414038
14.434073020494468,low,clear,18,56.966280385341136
7.829956614969074,low,clear,8,37.43947144421391
2.536306781485049,medium,clear,20,29.08669974934009
8.671432845631701,high,clear,23,46.22075030928667
7.361282683839452,low,clear,5,30.50201993152515
12.820999158354624,medium,rainy,13,65.41136343724524
2.3731561309794245,medium,rainy,23,28.20642099500807
7.835375918304894,low,clear,12,40.286478840355635
3.1006813057157796,medium,rainy,10,28.97669131516417
5.54546297646084,low,clear,11,28.038607178979472
11.322999083429195,medium,clear,18,49.492420568071495
7.664253811162731,medium,clear,18,42.683877694970654
6.26243599204077,low,clear,20,32.552949684100845
6.522667899980494,low,rainy,18,39.65791045860664
7.432254757683813,medium,clear,23,37.09101498079928
11.990231613718796,high,clear,12,65.24770212034377
13.489185645163282,low,clear,13,53.15947717684775
14.374685611054996,medium,clear,23,53.74797082434499
12.016647407574132,medium,clear,17,48.973835080499164
5.415696540472178,high,clear,11,40.29196148527286
10.63388588521159,high,clear,3,50.61167498465162
7.126443736775487,medium,clear,9,35.23543592915671
4.565388708644717,medium,rainy,16,36.37532087555781
12.772202111962917,high,clear,3,60.19974924938004
1.53796888547255,low,clear,11,16.871320098118293
13.62466788989593,low,clear,12,51.80421270278878
7.460684504746278,low,clear,3,31.738835339176802
9.920820675315927,high,clear,9,54.43681635865778
10.230954910880957,high,clear,2,50.43910144037854
13.53164836989151,low,rainy,14,63.6645647964507
9.913375550340902,medium,clear,1,44.26874588490238
9.595070186640864,medium,rainy,16,50.65346941003443
1.9331285678496595,low,rainy,5,24.32869951759406
8.257712307232858,high,clear,7,47.63280922379475
3.1023660114385834,low,clear,2,18.124598915577018
11.324072762100798,low,clear,17,45.09634379055285
8.171106891377443,medium,rainy,21,49.18972098357032
10.523188908916946,medium,rainy,0,53.11630043232161
1.5834206084333797,low,clear,15,12.246575906450595
2.1870882246412453,medium,clear,6,21.61945402074833
11.028527432877551,medium,clear,2,50.46416845521018
2.009180703981427,low,rainy,22,21.430002666814165
1.9975941887136204,low,rainy,3,24.180163443839483
1.1695186532884243,medium,clear,8,24.695415021207083
14.391019576192722,low,clear,4,53.115164098955745
11.325117032426098,high,clear,18,62.20373540976226
5.945519719028898,high,clear,14,45.79028432685081
5.151498138027173,high,rainy,7,43.90470173242968
5.895845216441893,low,clear,5,29.263327697643472
11.845149436536547,high,clear,17,57.03925824586432
10.259188554985801,medium,clear,18,49.452477464408325
3.592737950144551,low,rainy,23,23.725568307572637
3.437530694677181,low,clear,14,24.627075097857887
2.3775390959875624,low,clear,6,18.93548561823342
10.244238075818734,medium,clear,9,43.85312000506994
11.701217271104303,medium,rainy,5,56.59700760637842
4.710649996550057,low,rainy,13,34.885730262588304
1.2932294544327794,medium,clear,16,17.638252117213142
2.150403344669983,low,clear,8,12.745129374503417
14.550040487830426,medium,clear,18,66.37583086173285
5.136226884683884,low,clear,4,26.44306171481841
11.76912406973387,high,clear,22,62.63794786462013
9.745289963959692,high,rainy,6,59.39469591979416
6.347154955140542,medium,clear,18,41.722552822718725
3.8796216707377713,low,rainy,19,29.14015755016652
2.69940985423169,low,clear,6,14.564558833571953
9.610181552544132,high,clear,23,50.91516877973757
11.844872928929032,low,clear,1,43.23838793982447
10.01465954957583,low,clear,22,38.68140495503944
8.424229865488217,low,clear,15,40.32521795671459
1.5873171280429077,medium,clear,12,27.141703727492445
14.558842886321372,medium,clear,7,56.80521757430052
12.181998683164045,high,clear,5,53.81375502235238
5.099508513813507,low,clear,5,23.25865086523242
14.719584611023908,low,rainy,8,59.04436494719428
9.426342254908509,high,clear,3,49.636499426205376
9.153917214901451,high,rainy,10,52.903659142551106
11.473024512013449,low,clear,4,46.67877472070193
12.364777033261927,medium,clear,16,50.67140951206927
10.190700502641038,low,clear,19,46.86925685312853
2.7933404491268004,high,rainy,6,36.487796191162445
5.7357450839229775,low,clear,14,34.08418936194102
13.993170964564696,high,clear,14,68.50367223680799
4.144618565813927,medium,clear,13,30.583882820125837
6.210338333725186,medium,clear,12,37.43384059297162
7.049076361218744,low,clear,10,29.978258854940623
7.15166985572233,medium,clear,12,45.58411067031946
9.581154154923357,medium,clear,21,48.89647300844865
14.203061728425906,low,rainy,23,58.618450814685474
4.369697965655069,medium,clear,8,29.873146978382305
2.701019268212853,high,clear,9,30.102918095130303
3.7645868580391224,medium,clear,3,28.537113212746107
13.416948602929773,medium,clear,16,54.506690287387094
10.041351377172884,low,clear,13,44.17677463069327
5.002695049348242,medium,clear,23,28.047538156015072
12.423257145560642,low,rainy,17,56.969866096783335
13.059179949088104,medium,rainy,10,60.037890199733106
12.851200741663892,high,rainy,15,64.20551730574869
13.864971470953762,medium,clear,0,56.988568856819725
4.531374282427063,low,clear,6,22.294015093154307
11.570587002447896,low,clear,9,43.93255854443583
7.44755296183796,medium,clear,8,37.96416574896932
12.787979740460862,medium,clear,2,56.40590970189079
11.198869480262585,high,clear,21,60.799779157133834
11.870264250996145,high,clear,22,56.188719212078134
10.186265727535002,medium,clear,13,49.54896749801655
3.484002772575896,low,clear,14,26.764902691548627
8.630376864557137,low,clear,1,31.97444876209753
14.785376353343114,low,clear,23,52.270764507437164
14.123432930959664,low,clear,13,57.79559094527367
1.6044323011581634,medium,clear,15,16.399957748724994
3.3074074202121198,medium,clear,6,24.297186502366632
2.8442028283638665,medium,rainy,3,28.576078413776568
11.163718739794136,low,clear,17,45.246053263533746
12.448994617997231,low,clear,23,46.8464191877533
3.9891591283494066,low,clear,4,24.340860150254315
8.081937701325606,low,clear,5,34.403559150452935
12.7698423921568,high,rainy,6,69.86242943808892
11.25922162672751,low,clear,14,46.002686951398985
8.591320876885876,medium,clear,0,44.008216313193586
9.26486766642282,low,rainy,23,42.97234868680968
8.11704765682792,high,clear,3,49.299042372936576
5.165678318463488,medium,clear,0,32.86750435516079
8.910307900026226,low,clear,10,31.027108018513324
10.64439422870127,medium,clear,17,47.89151910674349
13.226520822051308,medium,clear,13,61.67480199176972
9.908078955709474,high,clear,21,59.38142234047066
11.655701518604213,low,rainy,10,48.61383018425379
3.241002889364022,high,clear,9,32.90369446212053
7.461804641877059,high,clear,16,44.775561282962634
1.1306426775793061,high,clear,3,26.25474596667057
4.4535041033027225,medium,rainy,23,36.3583852830942
11.170464011582068,medium,rainy,14,61.82481174019907
14.885339318891088,medium,clear,15,58.34453204714433
2.3884933942210225,medium,clear,20,27.69631884635638
6.6209204220580355,medium,clear,12,39.94503190059836
12.200993561788232,medium,clear,8,51.124275440825386
3.8564988848045836,medium,clear,10,26.28194623207567
8.771189290232007,medium,clear,10,41.70554235480929
11.262998144415448,high,clear,5,54.58503122831181
9.623796303642507,low,rainy,0,46.63746246798928
3.632346284615826,high,clear,21,40.435655430431176
5.975383961600352,medium,rainy,5,37.28499877362927
11.97308498279556,high,clear,12,65.55591472426492
8.759171197848232,medium,clear,21,44.64012674509242
1.0732145896007783,low,clear,23,15.015217592181905
11.653870640393315,high,clear,21,64.59456954236109
1.494358969163347,low,clear,4,14.294055515330363
11.44027295823725,high,clear,14,59.69982339074419
3.834727842313324,medium,clear,17,25.326817531516713
14.413028721671322,medium,clear,19,63.96279989631168
6.151170518229183,low,clear,13,37.38282037950748
5.577042628733107,medium,clear,14,33.3456622041259
3.0844327046542253,low,clear,4,19.45378204358663
5.278459016863009,low,clear,3,25.659232752395
13.273110665594809,low,rainy,1,54.90628847324821
14.948680726781463,low,clear,6,54.684478296887164
6.156333427095877,high,clear,9,39.38460663758948
7.280548833363596,high,clear,15,46.3279573238156
11.108993134838318,low,clear,9,46.011967017848406
13.406740926511043,medium,rainy,17,61.39649332182718
9.302620678614979,low,clear,16,37.62557200887235
6.4813597744896105,medium,clear,20,38.4580059782147
6.776705771880732,high,clear,12,47.51067999114755
10.738654050955295,high,clear,0,57.91162421060113
1.0450556904599015,medium,rainy,0,23.92769859897699
9.67425072443777,medium,clear,14,47.343887377260785
5.976902146179004,low,clear,0,27.13518265584331
12.118762637879179,high,clear,5,59.863227837175295
2.3018689575238502,low,clear,12,20.47013346447634
9.234831737277467,medium,clear,0,42.637083022507355
7.733620458405732,medium,clear,4,39.14662764554268
9.992557362673184,medium,clear,8,43.6939463759135
1.9079503227615568,low,rainy,16,18.19503952675457
9.119773023993838,high,clear,15,47.216548144275315
8.860784231433332,low,clear,7,34.86481967655405
8.849241321826394,medium,clear,16,41.0900693537659
9.448827332350367,low,rainy,14,49.43508131984166
10.470551121169072,low,clear,23,43.05905595826144
12.269845995530776,medium,clear,0,49.35502596926292
4.777490081795001,medium,clear,11,30.689043986799355
12.550691742520868,low,clear,4,46.910228205263
7.975579551688351,low,clear,23,30.355644057301355
2.078815907880636,medium,clear,5,21.26359504241032
1.8197130094157088,medium,clear,0,23.09167413124706
5.679336461744851,high,clear,0,40.80423848855152
11.988557679560547,low,clear,9,45.813132216637506
10.90753308637282,low,rainy,9,50.97414049137596
12.04060950541369,low,rainy,2,52.50627387733567
8.241766790182531,low,clear,16,36.68767802619247
7.162785971376868,medium,clear,18,38.165153244193
3.0643353738879755,medium,clear,10,21.693660491143397
5.594698550530362,low,clear,17,28.242167622736527
7.0762711264342535,low,rainy,1,40.30737836799241
2.2404060155146412,low,clear,8,17.555809508368935
4.088567337956958,high,clear,23,33.27102826711927
9.375154116892343,high,clear,16,48.42443063353045
11.299283599348659,low,clear,13,48.267220470856365
14.976865159501294,low,clear,3,57.35786946193741
14.063586638809808,high,clear,16,63.50570583985463
9.995912793492682,high,clear,16,54.08326086325289
6.897472746117008,medium,clear,11,36.997564489260114
9.906483105915258,low,clear,19,48.14730091859976
11.999122653123248,low,rainy,17,52.397891702442756
2.6567066729274225,medium,clear,2,22.870927296418184
6.738668455748035,low,rainy,10,38.41134957860464
12.757231998898641,low,clear,17,46.40117040609989
6.373661327062616,medium,clear,3,33.23295002696597
9.006211797180612,low,clear,16,33.658625900482136
9.228771052070774,medium,rainy,17,46.17766403811633
3.5826675438709508,low,rainy,4,30.594746391072473
6.071296183132038,low,clear,13,34.59851769667752
5.68315804238705,medium,rainy,9,35.30807096121528
1.3667539194489071,low,rainy,14,27.489919747600833
1.3386846944789734,high,clear,0,24.608658991046234
12.643758611460829,medium,clear,15,54.213177051049286
4.8229913396193735,low,rainy,10,31.721001227649463
8.253102727343416,medium,rainy,22,49.08928958219565
5.182158030242823,low,clear,19,29.471014589727556
14.169509431614767,high,rainy,5,69.02806952048422
4.6301546241208325,low,clear,23,18.512378842845578
7.015195378345091,medium,clear,21,40.80203988164893
13.218223506784426,low,clear,15,51.105330184321744
12.78706993508532,medium,clear,1,55.08515747579491
3.605419849847882,high,clear,0,35.32105830880116
12.237006337139945,high,clear,23,59.29063049541662
7.414616414330498,low,rainy,23,39.253411479469825
7.761564209194973,low,clear,8,33.420933509012144
2.868719613823213,high,clear,21,37.02106851257544
2.1284211925997454,high,clear,11,26.516778863599257
11.191150297632714,low,clear,16,40.75652123106764
7.950456132974196,medium,rainy,14,48.19389238004002
7.115909836612514,low,clear,18,36.774976945010856
11.213115201133554,high,rainy,21,64.03849627179018
11.717180585875536,low,clear,9,43.885053438418225
3.22471434737095,low,clear,11,18.471554476042517
9.543152092686977,medium,clear,13,50.19309869999184
2.8949571518875974,low,clear,8,20.00506237672355
11.51925120440664,medium,clear,12,54.69872579773775
10.197372187739953,medium,clear,2,46.494246326494974
14.392604695168412,low,clear,20,59.11939497343917
1.9654122289898965,low,clear,13,20.16899757270375
1.7987660961175604,medium,clear,20,24.311299675577224
4.950619045704802,low,clear,9,27.92522996835915
